removed_path,kept_path,sha256
sd_card_content/badusb_extra_payloads/_unclassified/Bruce-Scripts-Heaven_BAD/mobile/Android/Android_HID_Forward-Email/Payload_Gmail.txt,sd_card_content/badusb_extra_payloads/_unclassified/Bruce-Scripts-Heaven_BAD/Android_HID_Forward-Email/Payload_Gmail.txt,c0c898d77a9d70370c5d0c622809b6e0e541d669a4c8ecba93dba41b908eb713
sd_card_content/badusb_extra_payloads/_unclassified/Bruce-Scripts-Heaven_BAD/mobile/Android/Android_HID_Forward-Email/Payload_Samsung.txt,sd_card_content/badusb_extra_payloads/_unclassified/Bruce-Scripts-Heaven_BAD/Android_HID_Forward-Email/Payload_Samsung.txt,204ce06932d06d1533064d8cdf6ced567fdac42810aef426d6bf27a94d00c0a8
sd_card_content/badusb_extra_payloads/_unclassified/Bruce-Scripts-Heaven_BAD/BadUSB/Discord_FAQ/My_Flip_Repo.txt,sd_card_content/badusb_extra_payloads/_unclassified/Bruce-Scripts-Heaven_BAD/Discord_FAQ/My_Flip_Repo.txt,9640a2270d8d14633d4166e74e18edad0754185c63aa5e30ce494b28e14fcd88
sd_card_content/badusb_extra_payloads/_unclassified/Bruce-Scripts-Heaven_BAD/BadUSB/Discord_FAQ/RM_FW_DL.txt,sd_card_content/badusb_extra_payloads/_unclassified/Bruce-Scripts-Heaven_BAD/Discord_FAQ/RM_FW_DL.txt,b59d9f90671e1cafad67670085619295077a9fb595eaabe286e7cffc20fd7f39
sd_card_content/badusb_extra_payloads/_unclassified/Bruce-Scripts-Heaven_BAD/Blockator/Blockator.txt,sd_card_content/badusb_extra_payloads/_unclassified/Bruce-Scripts-Heaven_BAD/PC/Blockator.txt,76819b215f4c2048e726d9c855c63f8ef05b9acf205e4e322dc45706631f5fde
sd_card_content/badusb_extra_payloads/_unclassified/Bruce-Scripts-Heaven_BAD/Closer/Closer.txt,sd_card_content/badusb_extra_payloads/_unclassified/Bruce-Scripts-Heaven_BAD/PC/Closer.txt,669752c69d2717135560e37d79de600cb062e68f4b22cb93f18b9a0e4bc541e4
sd_card_content/badusb_extra_payloads/_unclassified/Bruce-Scripts-Heaven_BAD/PC/Explorer-spam.txt,sd_card_content/badusb_extra_payloads/_unclassified/Bruce-Scripts-Heaven_BAD/PC/Explorerspam.txt,b696368dc6fe23922ae8a0901576026ee29a00ac5f7b6299731e8411eb61fbfc
sd_card_content/badusb_extra_payloads/_unclassified/Bruce-Scripts-Heaven_BAD/Screenshoter/Screenshoter.txt,sd_card_content/badusb_extra_payloads/_unclassified/Bruce-Scripts-Heaven_BAD/PC/Screenshoter.txt,8bfc5dd9d25107dba20263e8cbff7630d9a66f8094efb8ef639a505b5f59abe3
sd_card_content/badusb_extra_payloads/_unclassified/Bruce-Scripts-Heaven_BAD/PC/windows11/create folders in C.txt,sd_card_content/badusb_extra_payloads/_unclassified/Bruce-Scripts-Heaven_BAD/windows11/create folders in C.txt,cbba563620aaeb3aba04147a4ec0653e603a651c8f2c39a755512f84b6f30e78
sd_card_content/badusb_extra_payloads/_unclassified/Bruce-Scripts-Heaven_BAD/PC/windows11/hackertyper.txt,sd_card_content/badusb_extra_payloads/_unclassified/Bruce-Scripts-Heaven_BAD/windows11/hackertyper.txt,1924c25f6897d80bd9b6596a9a92cf9fb6cf969f8c1586505d47f06c78dd8925
sd_card_content/badusb_extra_payloads/_unclassified/Bruce-Scripts-Heaven_BAD/Shortcut-Spam/Desktop-Shortcut-Spam.txt,sd_card_content/badusb_extra_payloads/prank/Win/directly_ready/BadUsb-Library/Desktop-Shortcut-Spam.txt,396e4abf0b8ab3124984d00774dd769df7a5b56b166999de544a1cf5089d4b68
sd_card_content/badusb_extra_payloads/_unclassified/Bruce-Scripts-Heaven_BAD/atomiczsec-BadUSB/OMG/payloads/Water-UnMark/payload.txt,sd_card_content/badusb_extra_payloads/_unclassified/Bruce-Scripts-Heaven_BAD/BadUSB/Water-UnMark/payload.txt,9a2e49c534aec3641d4d2d055b71da8dc6987a493421dfcb5d81d737d0295a68
sd_card_content/badusb_extra_payloads/_unclassified/Bruce-Scripts-Heaven_BAD/BadUSB/general/GitHub-Star.txt,sd_card_content/badusb_extra_payloads/_unclassified/Bruce-Scripts-Heaven_BAD/general/GitHub-Star.txt,d4a216be52ed3f4978a646ca818742e5e277b43c2c820e64c41556b5110a5eff
sd_card_content/badusb_extra_payloads/_unclassified/Bruce-Scripts-Heaven_BAD/BadUSB/general/Win/Water-UnMark/payload.txt,sd_card_content/badusb_extra_payloads/_unclassified/Bruce-Scripts-Heaven_BAD/general/Win/Water-UnMark/payload.txt,5ff5c0e0c458ed22cb8776b8f61f0d140207a9ee787417390f840f6e05f12786
sd_card_content/badusb_extra_payloads/_unclassified/Bruce-Scripts-Heaven_BAD/PC/windows10/create folders in C.txt,sd_card_content/badusb_extra_payloads/_unclassified/Bruce-Scripts-Heaven_BAD/windows10/create folders in C.txt,4761a0ba70c07bca0ffe9616e76e8e0b3422f4b814ddb032d683ab558a5e59c5
sd_card_content/badusb_extra_payloads/_unclassified/Bruce-Scripts-Heaven_BAD/PC/windows10/hackertyper.txt,sd_card_content/badusb_extra_payloads/_unclassified/Bruce-Scripts-Heaven_BAD/windows10/hackertyper.txt,f107537c3699fc2545a37d459acf64b0ee0f9b472bbfbe98c46efb3a58744e97
sd_card_content/badusb_extra_payloads/_unclassified/I-Am-Jakoby_BadUSB/Payloads/Flip-EvilGoose/placeholder,sd_card_content/badusb_extra_payloads/remote_access/Win/directly_ready/Bruce-Scripts-Heaven_BAD/BadUSB-FalsePhilosopher/Ducky/USBRubberducky/remote_access/Win/Python-backdoor/1/src/server/__init__.py,01ba4719c80b6fe911b091a7c05124b64eeece964e09c058ef8f9805daca546b
sd_card_content/badusb_extra_payloads/_unclassified/I-Am-Jakoby_BadUSB/Payloads/Flip-PS-Draw/PS-Draw.txt,sd_card_content/badusb_extra_payloads/_unclassified/Bruce-Scripts-Heaven_BAD/Flip-PS-Draw/PS-Draw.txt,b4365706eff56d004d20cf64be7a88ab2b5a8c4e433bd71fc8e1a96793f33045
sd_card_content/badusb_extra_payloads/_unclassified/I-Am-Jakoby_BadUSB/Payloads/Flip-PineApple/PineApple.txt,sd_card_content/badusb_extra_payloads/_unclassified/Bruce-Scripts-Heaven_BAD/Flip-PineApple/PineApple.txt,8a593589c8f649d030114fc1c8bd0d29a1d400503c29d7e240a43561cece29a2
sd_card_content/badusb_extra_payloads/collection/Win/directly_ready/Bruce-Scripts-Heaven_BAD/BadUSB/Cookie-Stealer.txt,sd_card_content/badusb_extra_payloads/collection/Win/directly_ready/Bruce-Scripts-Heaven_BAD/Cookie-Stealer.txt,1cc8b0f8093b38508ab97cc4658da65fe7101ea49d563ab010316ed70734f06b
sd_card_content/badusb_extra_payloads/collection/Win/directly_ready/Bruce-Scripts-Heaven_BAD/OSINT/Desktop Screenshare over LAN.txt,sd_card_content/badusb_extra_payloads/reconnaissance/Win/configuration_needed/BadUsb-Library/Desktop Screenshare over LAN.txt,a146363c47cfa5efa6c818af3cd529063421feee36f72e3168d35c45e9352955
sd_card_content/badusb_extra_payloads/collection/Win/directly_ready/Bruce-Scripts-Heaven_BAD/OSINT/Discord WiFi Grabber 2.txt,sd_card_content/badusb_extra_payloads/reconnaissance/Win/configuration_needed/BadUsb-Library/Discord WiFi Grabber 2.txt,536c3fc19f20d2b07d436bc42292c4c6bd9b1e847e0cee8135898a8c1ddbf639
sd_card_content/badusb_extra_payloads/collection/Win/directly_ready/Bruce-Scripts-Heaven_BAD/OSINT/Discord WiFi Grabber.txt,sd_card_content/badusb_extra_payloads/reconnaissance/Win/configuration_needed/BadUsb-Library/Discord WiFi Grabber.txt,ca40e73d65487d73994cb44850f82269d4b7198eff5cd89f634ced4c58991907
sd_card_content/badusb_extra_payloads/collection/Win/directly_ready/Bruce-Scripts-Heaven_BAD/OSINT/Email System & User Information.txt,sd_card_content/badusb_extra_payloads/reconnaissance/Win/configuration_needed/BadUsb-Library/Email System & User Information.txt,885a92e57fca56ab829fdcef2532320fc90eef89a42f8143eaedf79479033113
sd_card_content/badusb_extra_payloads/collection/Win/directly_ready/Bruce-Scripts-Heaven_BAD/OSINT/Email System Info with Screenshot.txt,sd_card_content/badusb_extra_payloads/reconnaissance/Win/configuration_needed/BadUsb-Library/Email System Info with Screenshot.txt,3f4d9ad044ae27cf96b7a6d19577033fb39cd01bbf9f0c9e85641b6733857e54
sd_card_content/badusb_extra_payloads/collection/Win/directly_ready/Bruce-Scripts-Heaven_BAD/OSINT/Screenshot to Telegram.txt,sd_card_content/badusb_extra_payloads/reconnaissance/Win/configuration_needed/BadUsb-Library/Screenshot to Telegram.txt,a0487ac9250cbc30d06d37a646969a19e03bb1ed48b3881b750df149e3c6a01b
sd_card_content/badusb_extra_payloads/collection/Win/directly_ready/Bruce-Scripts-Heaven_BAD/BadUSB/Show_WiFi_Passwords.txt,sd_card_content/badusb_extra_payloads/collection/Win/directly_ready/Bruce-Scripts-Heaven_BAD/Show_WiFi_Passwords.txt,72d010ff8e4325dbcd520cc21603a3d3544b38be2aea646ff086aeb5fa3a9660
sd_card_content/badusb_extra_payloads/collection/Win/directly_ready/Bruce-Scripts-Heaven_BAD/BadUSB/Wifi-Stealer-Discord-Improved.txt,sd_card_content/badusb_extra_payloads/collection/Win/directly_ready/Bruce-Scripts-Heaven_BAD/Wifi-Stealer-Discord-Improved.txt,0e4be55b3b0faa00639c500160670577d5211ebca4e6f7757a15cf4595ba8ffd
sd_card_content/badusb_extra_payloads/collection/Win/directly_ready/Bruce-Scripts-Heaven_BAD/Phone/Wifi-Stealer_ORG.txt,sd_card_content/badusb_extra_payloads/collection/Win/directly_ready/Bruce-Scripts-Heaven_BAD/Wifi-Stealer_ORG.txt,53d58762b2263994250a99f56d2f5addde97b7427e95809be17bc8d72699e148
sd_card_content/badusb_extra_payloads/collection/Win/directly_ready/Bruce-Scripts-Heaven_BAD/BadUSB/Wifi_and_Show_Passwords_for_Flipper.txt,sd_card_content/badusb_extra_payloads/collection/Win/directly_ready/Bruce-Scripts-Heaven_BAD/Wifi_and_Show_Passwords_for_Flipper.txt,770b767909bb7300d953b0a6ea7d2c35edeacea978c6c13b0c05eb4995fed2e6
sd_card_content/badusb_extra_payloads/collection/Win/directly_ready/Bruce-Scripts-Heaven_BAD/BadUSB/credentials/Win/open_smb_share_to_steal_creds.txt,sd_card_content/badusb_extra_payloads/collection/Win/directly_ready/Bruce-Scripts-Heaven_BAD/credentials/Win/open_smb_share_to_steal_creds.txt,ba3bfa0d0ec9e5ddc41de3e59c9c2398270bbfbaf855c105121ad1c82f68a030
sd_card_content/badusb_extra_payloads/collection/Win/directly_ready/Bruce-Scripts-Heaven_BAD/credentials/Win/windowsPassDisabler/BadUSB_windowsPassDisabler.txt,sd_card_content/badusb_extra_payloads/authentication/Win/directly_ready/BadUsb-Library/BadUSB_windowsPassDisabler.txt,268c7802bea46fa4e6cf392921b2dc77465398ad795cb9d4c73fa2f6ddc7474c
sd_card_content/badusb_extra_payloads/remote_access/Unix-like/Linux/directly_ready/Bruce-Scripts-Heaven_BAD/Netcat-Screenshare/Desktop Screenshare over Netcat.txt,sd_card_content/badusb_extra_payloads/command_control/Win/configuration_needed/BadUsb-Library/Desktop Screenshare over Netcat.txt,c1e84e3ed8017970a2dec5f5bc2252e0db71fb09df406d7faf30196b751ea4e0
sd_card_content/badusb_extra_payloads/remote_access/Win/directly_ready/Bruce-Scripts-Heaven_BAD/Netcat-Client/Simple-Netcat-Client.txt,sd_card_content/badusb_extra_payloads/command_control/Win/configuration_needed/BadUsb-Library/Simple-Netcat-Client.txt,a32ea5488c9628fe4727c150862351c52a2bbbb05054be41bb68f3697b647242
sd_card_content/badusb_extra_payloads/remote_access/Win/directly_ready/Bruce-Scripts-Heaven_BAD/Reverse Shells and C2/Telegram Reverse Shell.txt,sd_card_content/badusb_extra_payloads/command_control/Win/configuration_needed/BadUsb-Library/Telegram Reverse Shell.txt,e2d2b6608f0bf2a3b47a6e303b3bdac39bc73ae68ab9de88c1e1977f613f5860
sd_card_content/badusb_extra_payloads/authentication/Win/directly_ready/Bruce-Scripts-Heaven_BAD/execution/Win/adminAccountCreator/BadUSB_adminAccountCreator.txt,sd_card_content/badusb_extra_payloads/command_control/Win/directly_ready/BadUsb-Library/BadUSB_adminAccountCreator.txt,61993acd0302a708065ef5d57ebb3275b80dd73650ee77fd54bf36bfcd3198ed
sd_card_content/badusb_extra_payloads/data_exfiltration/Win/configuration_needed/Bruce-Scripts-Heaven_BAD/_precisa_edicao_manual/depende_de_extension/WindowsLicenseKeyExfiltration/WindowsLicenseKeyExfiltration.txt,sd_card_content/badusb_extra_payloads/authentication/Win/configuration_needed/BadUsb-Library/WindowsLicenseKeyExfiltration.txt,6307d04b9ed27f2b1d3279f0820c9921c3dabc9b1872c09a9efa273fd279f07a
sd_card_content/badusb_extra_payloads/data_exfiltration/Win/directly_ready/Bruce-Scripts-Heaven_BAD/exfiltration/Win/chrome-exfil/Rubber-Ducky/duckyscript.txt,sd_card_content/badusb_extra_payloads/data_exfiltration/Win/directly_ready/BadUsb-Library/duckyscript.txt,ebc3bba49576f31b8f93f906d6607f7f071a4a19153cd8c99c6a09a76b619ee6
sd_card_content/badusb_extra_payloads/data_exfiltration/Win/directly_ready/Bruce-Scripts-Heaven_BAD/BadUSB/Pwn-Drive/payload.txt,sd_card_content/badusb_extra_payloads/data_exfiltration/Win/directly_ready/Bruce-Scripts-Heaven_BAD/Pwn-Drive/payload.txt,0fa62f6bad1e69d48e11e2f0a6ee1fddb357a041ad93498ab05a53eea3e76281
sd_card_content/badusb_extra_payloads/data_exfiltration/Win/directly_ready/Bruce-Scripts-Heaven_BAD/BadUSB/Bookmark-Hog/payload.txt,sd_card_content/badusb_extra_payloads/data_exfiltration/Win/directly_ready/Bruce-Scripts-Heaven_BAD/Bookmark-Hog/payload.txt,2623f521ee0802ed0aa5c052c19696022fec3af694d62371f17f11feca1a9e94
sd_card_content/badusb_extra_payloads/data_exfiltration/Win/directly_ready/Bruce-Scripts-Heaven_BAD/BadUSB/History-Pig/payload.txt,sd_card_content/badusb_extra_payloads/data_exfiltration/Win/directly_ready/Bruce-Scripts-Heaven_BAD/History-Pig/payload.txt,14a6687376fafa9a7b7d80aad4d46c4c2c8b40c5618806a0d4536658b1b59c2f
sd_card_content/badusb_extra_payloads/data_exfiltration/Win/directly_ready/Bruce-Scripts-Heaven_BAD/OSINT/Exfiltrate Files to USB Drive.txt,sd_card_content/badusb_extra_payloads/reconnaissance/Win/configuration_needed/BadUsb-Library/Exfiltrate Files to USB Drive.txt,ec58ba1bd870c19ef79aa5b0cd0b97e5bf59a9b82d094ad9a88f2afd83b6c28a
sd_card_content/badusb_extra_payloads/data_exfiltration/Win/directly_ready/Bruce-Scripts-Heaven_BAD/OSINT/Exfiltrate files to Discord.txt,sd_card_content/badusb_extra_payloads/reconnaissance/Win/configuration_needed/BadUsb-Library/Exfiltrate files to Discord.txt,edefe6cd7117159f1e73e4f69ccac3ec1a71e83d2fc04c628cd80259fc67fb86
sd_card_content/badusb_extra_payloads/data_exfiltration/Win/directly_ready/Bruce-Scripts-Heaven_BAD/OSINT/Exfiltrate files to DropBox.txt,sd_card_content/badusb_extra_payloads/reconnaissance/Win/configuration_needed/BadUsb-Library/Exfiltrate files to DropBox.txt,57bb22f65187f30bf2629bc5caef396df6c803b951b027d890c7067d91293760
sd_card_content/badusb_extra_payloads/data_exfiltration/Win/directly_ready/Bruce-Scripts-Heaven_BAD/OSINT/Exfiltrate files to Telegram.txt,sd_card_content/badusb_extra_payloads/reconnaissance/Win/configuration_needed/BadUsb-Library/Exfiltrate files to Telegram.txt,71df7c1a5c684b4b54ace6857a14e1d8237eba84f3fb8deea492384495dad784
sd_card_content/badusb_extra_payloads/data_exfiltration/Win/directly_ready/Bruce-Scripts-Heaven_BAD/OSINT/Record-Mic-to-Discord.txt.txt,sd_card_content/badusb_extra_payloads/reconnaissance/Win/configuration_needed/BadUsb-Library/Record-Mic-to-Discord.txt.txt,b57cbfe28d874c729a43a656cc7901e366a5922824b09d9d4ac0b8bc78e8225e
sd_card_content/badusb_extra_payloads/data_exfiltration/Win/directly_ready/Bruce-Scripts-Heaven_BAD/OSINT/Record-Screen-to-Discord.txt.txt,sd_card_content/badusb_extra_payloads/reconnaissance/Win/configuration_needed/BadUsb-Library/Record-Screen-to-Discord.txt.txt,0f87e834df17ecea466ebaf48441e01190b2860621a72d98c0dc02233ea10843
sd_card_content/badusb_extra_payloads/data_exfiltration/Win/directly_ready/Bruce-Scripts-Heaven_BAD/OSINT/Speech-to-Discord.txt.txt,sd_card_content/badusb_extra_payloads/reconnaissance/Win/configuration_needed/BadUsb-Library/Speech-to-Discord.txt.txt,5bf46bdb316918c790c428a6b7059d7a111cd3b32eae7f71663131d26dacb7bb
sd_card_content/badusb_extra_payloads/data_exfiltration/Win/directly_ready/Bruce-Scripts-Heaven_BAD/BadUSB/Screen-Shock/payload.txt,sd_card_content/badusb_extra_payloads/data_exfiltration/Win/directly_ready/Bruce-Scripts-Heaven_BAD/Screen-Shock/payload.txt,29f18480e12ad4b543bd0e153665498bf2250ee379a505f977271af65380ea7b
sd_card_content/badusb_extra_payloads/data_exfiltration/Win/directly_ready/Bruce-Scripts-Heaven_BAD/Tools/Local-FileServer-for-Exfiltration.txt,sd_card_content/badusb_extra_payloads/utilities/Win/directly_ready/BadUsb-Library/Local-FileServer-for-Exfiltration.txt,352bc5bcfd172c8c46b75412f3c3058940f834666761ee7a788efd561f09fdc7
sd_card_content/badusb_extra_payloads/data_exfiltration/Win/directly_ready/Bruce-Scripts-Heaven_BAD/Tools/Webhook-Test-Tool.txt,sd_card_content/badusb_extra_payloads/utilities/Win/directly_ready/BadUsb-Library/Webhook-Test-Tool.txt,a7e22ff326fb7e54bb3a0203e65827f684f440dc6ac3fb89d26b2e18e51ca15f
sd_card_content/badusb_extra_payloads/data_exfiltration/Win/directly_ready/Bruce-Scripts-Heaven_BAD/BadUSB/wifi_stealer_by_webhook.txt,sd_card_content/badusb_extra_payloads/data_exfiltration/Win/directly_ready/Bruce-Scripts-Heaven_BAD/Wifi_for_Flipper.txt,37c3777eb6efc97da5c1e6e2949d7b7053b404c6e8e732ef24eb751acb963872
sd_card_content/badusb_extra_payloads/data_exfiltration/Win/directly_ready/Bruce-Scripts-Heaven_BAD/BadUSB/exfiltration/Win/chrome-exfil/payload.txt,sd_card_content/badusb_extra_payloads/data_exfiltration/Win/directly_ready/Bruce-Scripts-Heaven_BAD/chrome-exfil/payload.txt,15cdb3d7e9d083dd64510d8110740be4885264e92b5e4bd25ffaabc5258d6af1
sd_card_content/badusb_extra_payloads/data_exfiltration/Win/directly_ready/Bruce-Scripts-Heaven_BAD/BadUSB/exfiltration/Win/Bookmark-Hog/payload.txt,sd_card_content/badusb_extra_payloads/data_exfiltration/Win/directly_ready/Bruce-Scripts-Heaven_BAD/exfiltration/Win/Bookmark-Hog/payload.txt,39d4aea0d4630c5bc78add0396a29d38efe3db66d308de4584d333f5fd298040
sd_card_content/badusb_extra_payloads/data_exfiltration/Win/directly_ready/Bruce-Scripts-Heaven_BAD/BadUSB/exfiltration/Win/Copy-And-Waste/payload.txt,sd_card_content/badusb_extra_payloads/data_exfiltration/Win/directly_ready/Bruce-Scripts-Heaven_BAD/exfiltration/Win/Copy-And-Waste/payload.txt,016118311899be19d0f82d4aea4bab3e3752bc37c106c8491c7e9a4628aab10f
sd_card_content/badusb_extra_payloads/data_exfiltration/Win/directly_ready/Bruce-Scripts-Heaven_BAD/BadUSB/exfiltration/Win/History-Pig/payload.txt,sd_card_content/badusb_extra_payloads/data_exfiltration/Win/directly_ready/Bruce-Scripts-Heaven_BAD/exfiltration/Win/History-Pig/payload.txt,ad24c536040db5ba3a2266cbee81f22498822321b24a296b863ae80089d59cb2
sd_card_content/badusb_extra_payloads/destruction/Win/directly_ready/Bruce-Scripts-Heaven_BAD/Funni_Stick_V3/README.txt,sd_card_content/badusb_extra_payloads/authentication/Win/directly_ready/BadUsb-Library/README.txt,705f7c464f563a3a0a2d8ce275ff22db09495c1b6cc6097b86d0793955295be7
sd_card_content/badusb_extra_payloads/destruction/Win/directly_ready/I-Am-Jakoby_BadUSB/Payloads/Flip-PineApple/PineApple-KeyInjection.txt,sd_card_content/badusb_extra_payloads/destruction/Win/directly_ready/Bruce-Scripts-Heaven_BAD/Flip-PineApple/PineApple-KeyInjection.txt,02c73a6915759f41a2a1a002541c6ee2cb31832d1e1bc2ea0b985d7201598b83
sd_card_content/badusb_extra_payloads/prank/Win/directly_ready/Bruce-Scripts-Heaven_BAD/Pranks/5 second Screen Kill.txt,sd_card_content/badusb_extra_payloads/prank/Win/directly_ready/BadUsb-Library/5 second Screen Kill.txt,fd66a0cc9d8e2da2f1f458087c215962c68d1878a841b3818a24b6f28801161f
sd_card_content/badusb_extra_payloads/prank/Win/directly_ready/Bruce-Scripts-Heaven_BAD/prank/Win/RickRoll/ADV-RickRoll/ADV-RickRoll.txt,sd_card_content/badusb_extra_payloads/prank/Win/directly_ready/BadUsb-Library/ADV-RickRoll.txt,1e1ce692001a46d2fbeeda6f59768305cf3cbb27da2e8a5c68696fb41878dbd5
sd_card_content/badusb_extra_payloads/prank/Win/directly_ready/Bruce-Scripts-Heaven_BAD/prank/Win/RickRoll/ADV-Rickware/ADV-Rickware.txt,sd_card_content/badusb_extra_payloads/prank/Win/directly_ready/BadUsb-Library/ADV-Rickware.txt,c3d485e3f4d7231c0bec58edce5271389de03484ae34b5eb7458189cb8c9ea68
sd_card_content/badusb_extra_payloads/prank/Win/directly_ready/Bruce-Scripts-Heaven_BAD/Pranks/Blank Image to Discord Spammer.txt,sd_card_content/badusb_extra_payloads/prank/Win/directly_ready/BadUsb-Library/Blank Image to Discord Spammer.txt,4241a26552e1af1d8c0de75257cc2b35d23349609a0cd213e2fbe971646a93ec
sd_card_content/badusb_extra_payloads/prank/Win/directly_ready/Bruce-Scripts-Heaven_BAD/prank/Win/CartmanSpam/CartmanSpam.txt,sd_card_content/badusb_extra_payloads/prank/Win/directly_ready/BadUsb-Library/CartmanSpam.txt,3c8f62ab3335e9e3aca518c78ec840130c099dd8365dee7592d8b2337de59653
sd_card_content/badusb_extra_payloads/prank/Win/directly_ready/Bruce-Scripts-Heaven_BAD/Pranks/Change Wallpaper.txt,sd_card_content/badusb_extra_payloads/prank/Win/directly_ready/BadUsb-Library/Change Wallpaper.txt,606ebb1767200973a20edd651b52598d58ae3342e967132593c434be055e4e86
sd_card_content/badusb_extra_payloads/prank/Win/directly_ready/Bruce-Scripts-Heaven_BAD/Pranks/Change-System-Sounds.txt,sd_card_content/badusb_extra_payloads/prank/Win/directly_ready/BadUsb-Library/Change-System-Sounds.txt,3f593b2bfcd6f1742e7d5233b46d47a714b8ef5c3af670f06f0fe32772b97e6f
sd_card_content/badusb_extra_payloads/prank/Win/directly_ready/Bruce-Scripts-Heaven_BAD/Pranks/Computer-ACID-Prank.txt,sd_card_content/badusb_extra_payloads/prank/Win/directly_ready/BadUsb-Library/Computer-ACID-Prank.txt,97d23157daa27a77126c1d4407481d55b979d62e86fc3c4828581e6527708741
sd_card_content/badusb_extra_payloads/prank/Win/directly_ready/Bruce-Scripts-Heaven_BAD/Pranks/Disable-Keyboard-Mouse-120s.txt,sd_card_content/badusb_extra_payloads/prank/Win/directly_ready/BadUsb-Library/Disable-Keyboard-Mouse-120s.txt,f88c27c7bbf02667eb0fc0b828bdb40366661c74812a75c2fe8d4a9b1d248ef8
sd_card_content/badusb_extra_payloads/prank/Win/directly_ready/Bruce-Scripts-Heaven_BAD/Pranks/Dsktop Shortcut Spammer.txt,sd_card_content/badusb_extra_payloads/prank/Win/directly_ready/BadUsb-Library/Dsktop Shortcut Spammer.txt,c05b595d74d68e91c850f190ee69293f4d22e07908242b2d8048aa6707bf5860
sd_card_content/badusb_extra_payloads/prank/Win/directly_ready/Bruce-Scripts-Heaven_BAD/-RD-We-Found-You/payload.txt,sd_card_content/badusb_extra_payloads/prank/Win/directly_ready/BadUsb-Library/FoundYou.txt,2233eff8c0f0958008a0b6d358d3d159ee730257254ecb3e7a1722cb2f307fc3
sd_card_content/badusb_extra_payloads/prank/Win/directly_ready/Bruce-Scripts-Heaven_BAD/Pranks/Hydra-in-Powershell.txt,sd_card_content/badusb_extra_payloads/prank/Win/directly_ready/BadUsb-Library/Hydra-in-Powershell.txt,38cfa7ca1b9b57bfd59df79f647b671c56718387684c0e00eb6f10ec40ea071f
sd_card_content/badusb_extra_payloads/prank/Win/directly_ready/Bruce-Scripts-Heaven_BAD/Pranks/Invoke BSOD.txt,sd_card_content/badusb_extra_payloads/prank/Win/directly_ready/BadUsb-Library/Invoke BSOD.txt,ec3bba0fb3648cc2ca6986dc1765c940585d11ae510fb882cb8865c67da96357
sd_card_content/badusb_extra_payloads/prank/Win/directly_ready/Bruce-Scripts-Heaven_BAD/Pranks/Kill I-O Devices.txt,sd_card_content/badusb_extra_payloads/prank/Win/directly_ready/BadUsb-Library/Kill I-O Devices.txt,e16908c63d92a365a2d71453f2365b537f3a09b5e6509d50733c7d5d7721e650
sd_card_content/badusb_extra_payloads/prank/Win/directly_ready/Bruce-Scripts-Heaven_BAD/Pranks/Mario-BSOD.txt,sd_card_content/badusb_extra_payloads/prank/Win/directly_ready/BadUsb-Library/Mario-BSOD.txt,d1f79829f7da17ceb21b5444583d232e81b79c0900457f7aa146ffc3962e2f05
sd_card_content/badusb_extra_payloads/prank/Win/directly_ready/Bruce-Scripts-Heaven_BAD/Pranks/Mute-Button-Spam.txt,sd_card_content/badusb_extra_payloads/prank/Win/directly_ready/BadUsb-Library/Mute-Button-Spam.txt,82c54c3f0c8ac2de0fd74ca5f79119620d67a7c48c69f1a6409c1c6f3ca86831
sd_card_content/badusb_extra_payloads/prank/Win/directly_ready/Bruce-Scripts-Heaven_BAD/Pranks/Persisant-Goose.txt,sd_card_content/badusb_extra_payloads/prank/Win/directly_ready/BadUsb-Library/Persisant-Goose.txt,1879c7f1737ab0385e9393932979635e6363ac3a46c3e2ec480d2a13548e3585
sd_card_content/badusb_extra_payloads/prank/Win/directly_ready/Bruce-Scripts-Heaven_BAD/Pranks/Rickroll with Max Volume spam.txt,sd_card_content/badusb_extra_payloads/prank/Win/directly_ready/BadUsb-Library/Rickroll with Max Volume spam.txt,7285b1c7c3713818b2945c93e8c27c0991444e45ddcd1aa1e5657d9571dbfbf8
sd_card_content/badusb_extra_payloads/prank/Win/directly_ready/Bruce-Scripts-Heaven_BAD/Pranks/ScreenParty.txt,sd_card_content/badusb_extra_payloads/prank/Win/directly_ready/BadUsb-Library/ScreenParty.txt,306d73526467c0cb45b2dff1edf8634a0d87d7cefdc934f872d1d52ec361a814
sd_card_content/badusb_extra_payloads/prank/Win/directly_ready/Bruce-Scripts-Heaven_BAD/prank/Win/SoundChangeDuck/payload.txt,sd_card_content/badusb_extra_payloads/prank/Win/directly_ready/BadUsb-Library/Sound-Change-Duck.txt,0f81de1eef70ae9946738b572c0d4f7824b1adf4826fd8fff82d95ff470b9537
sd_card_content/badusb_extra_payloads/prank/Win/directly_ready/Bruce-Scripts-Heaven_BAD/Pranks/Start Windows-93 (parody edition).txt,sd_card_content/badusb_extra_payloads/prank/Win/directly_ready/BadUsb-Library/Start Windows-93 (parody edition).txt,aad23ec5f946beb8eb93bd4ecdccff45c25f7c3e6968fcf8dbf09d31658183ed
sd_card_content/badusb_extra_payloads/prank/Win/directly_ready/Bruce-Scripts-Heaven_BAD/Pranks/System Message.txt,sd_card_content/badusb_extra_payloads/prank/Win/directly_ready/BadUsb-Library/System Message.txt,6d8d665be8027688492e0cae9b9f2de14f56a352a20501463eac038b77595a41
sd_card_content/badusb_extra_payloads/prank/Win/directly_ready/Bruce-Scripts-Heaven_BAD/Pranks/USB-SoundSwap.txt,sd_card_content/badusb_extra_payloads/prank/Win/directly_ready/BadUsb-Library/USB-SoundSwap.txt,a5e2ec8c72caa2f3a90c82ed24730eab8d41799628a9d404f5e81d9d83ef46ab
sd_card_content/badusb_extra_payloads/prank/Win/directly_ready/Bruce-Scripts-Heaven_BAD/BadUSB/prank/Win/JumpScare/payload.txt,sd_card_content/badusb_extra_payloads/prank/Win/directly_ready/Bruce-Scripts-Heaven_BAD/-RD-JumpScare/payload.txt,2cebe2dac8f534023f42326caa0b32baa0d02fdac80d153fa7679aefe6a55385
sd_card_content/badusb_extra_payloads/prank/Win/directly_ready/Bruce-Scripts-Heaven_BAD/BadUSB/prank/Win/Always-Minimize/payload.txt,sd_card_content/badusb_extra_payloads/prank/Win/directly_ready/Bruce-Scripts-Heaven_BAD/Always-Minimize/payload.txt,e0b73186957c2629f0a25ea878b235cc43582949ecc8efdc784719715bcc9f0b
sd_card_content/badusb_extra_payloads/prank/Win/directly_ready/Bruce-Scripts-Heaven_BAD/BadUSB/CYE_Was_Here.txt,sd_card_content/badusb_extra_payloads/prank/Win/directly_ready/Bruce-Scripts-Heaven_BAD/CYE_Was_Here.txt,ef51c73085759a1a2b0151f3de14ea9a9bdd1c289925459d1bdf15b77e0c6ee3
sd_card_content/badusb_extra_payloads/prank/Win/directly_ready/Bruce-Scripts-Heaven_BAD/BadUSB/Hey_Everybody.txt,sd_card_content/badusb_extra_payloads/prank/Win/directly_ready/Bruce-Scripts-Heaven_BAD/Hey_Everybody.txt,88d0e35727a20d17d3ef1be5b0db4384db1639469f914d056976dedb0db43496
sd_card_content/badusb_extra_payloads/prank/Win/directly_ready/Bruce-Scripts-Heaven_BAD/BadUSB/RickRoll (Basic).txt,sd_card_content/badusb_extra_payloads/prank/Win/directly_ready/Bruce-Scripts-Heaven_BAD/RickRoll (Basic).txt,5333010dbf5e7226d4175266a2e917341f28d1cd60e6d7031aae80c415882bd9
sd_card_content/badusb_extra_payloads/prank/Win/directly_ready/Bruce-Scripts-Heaven_BAD/BadUSB/RickRoll Max Vol (Basic).txt,sd_card_content/badusb_extra_payloads/prank/Win/directly_ready/Bruce-Scripts-Heaven_BAD/RickRoll Max Vol (Basic).txt,62966d568c3e84dac796cc6af03dada2bf55bb6b25df97ffb568aab2f40ec4ac
sd_card_content/badusb_extra_payloads/prank/Win/directly_ready/Bruce-Scripts-Heaven_BAD/SpamRickrollPayload/SpamRickrollPayload.txt,sd_card_content/badusb_extra_payloads/prank/Win/directly_ready/Bruce-Scripts-Heaven_BAD/BadUSB/SpamRickrollPayload.txt,6876ee2d4a9d39f443dbd2e40680b5c26679d43b601c242bac905cdc954dba7b
sd_card_content/badusb_extra_payloads/prank/Win/directly_ready/Bruce-Scripts-Heaven_BAD/BadUSB/The_Matrix_Wake_Up.txt,sd_card_content/badusb_extra_payloads/prank/Win/directly_ready/Bruce-Scripts-Heaven_BAD/The_Matrix_Wake_Up.txt,9e7b3a3a2efec118e10fe18e58b2b9c2534433186bf02345a0e4096e97b9f09a
sd_card_content/badusb_extra_payloads/prank/Win/directly_ready/I-Am-Jakoby_BadUSB/Payloads/Flip-Rage-PopUps/Rage-PopUps.txt,sd_card_content/badusb_extra_payloads/prank/Win/directly_ready/Bruce-Scripts-Heaven_BAD/Flip-Rage-PopUps/Rage-PopUps.txt,92e6db244f306e479f3b9917aa9a9902d041582879f281c65c49c4e73a432be0
sd_card_content/badusb_extra_payloads/remote_access/Unix-like/Linux/directly_ready/Bruce-Scripts-Heaven_BAD/OSINT/Desktop Screenshare over Netcat.txt,sd_card_content/badusb_extra_payloads/reconnaissance/Win/configuration_needed/BadUsb-Library/Desktop Screenshare over Netcat.txt,c8710e375518b731e4f0249f4b1833de54fcb11f70cae9cc898253f1ce4efd63
sd_card_content/badusb_extra_payloads/_unclassified/Bruce-Scripts-Heaven_BAD/OSINT/Installed Programs and Eventlogs to File.txt,sd_card_content/badusb_extra_payloads/reconnaissance/Win/configuration_needed/BadUsb-Library/Installed Programs and Eventlogs to File.txt,3bc390815b253cd3b422c1ff5024682485bfcf41258a310d4c630ab7c5566520
sd_card_content/badusb_extra_payloads/_unclassified/Bruce-Scripts-Heaven_BAD/_precisa_edicao_manual/depende_de_extension/VM-Detection-Report/Payload.txt,sd_card_content/badusb_extra_payloads/reconnaissance/Win/configuration_needed/BadUsb-Library/Payload.txt,80bdc52b146a2ae5c78129ee4a9dd4c7d74c9af804765b1b84a094b1f59147a5
sd_card_content/badusb_extra_payloads/_unclassified/Bruce-Scripts-Heaven_BAD/Tree_of_Knowledge/payload.txt,sd_card_content/badusb_extra_payloads/reconnaissance/Win/directly_ready/BadUsb-Library/payload.txt,7d4d31b5f41dd2c2ad9b9dcad48eb89a8587fe57f4acb950eaa2feaf5b25c95a
sd_card_content/badusb_extra_payloads/remote_access/Unix-like/Linux/directly_ready/Bruce-Scripts-Heaven_BAD/remote_access/Win/ReverseDucky/ReverseDucky.txt,sd_card_content/badusb_extra_payloads/remote_access/Win/configuration_needed/BadUsb-Library/ReverseDucky.txt,22480dce21be8b855fd6687522e86b52df2165da37b1a630f5072e0ef458a66a
sd_card_content/badusb_extra_payloads/remote_access/Win/directly_ready/Bruce-Scripts-Heaven_BAD/BadUSB/remote_access/Win/NSHELL/Payload.txt,sd_card_content/badusb_extra_payloads/remote_access/Win/directly_ready/Bruce-Scripts-Heaven_BAD/NSHELL/Payload.txt.txt,c075b925d5fd8d7efc1f33af906834cb5323fd356bff59e8c63bf49b90380414
sd_card_content/badusb_extra_payloads/social_engineering/Win/directly_ready/Bruce-Scripts-Heaven_BAD/OSINT/Google Login Phish to Discord.txt,sd_card_content/badusb_extra_payloads/social_engineering/Win/configuration_needed/BadUsb-Library/Google Login Phish to Discord.txt,312c6f305761a5d698eb4a1f99ed0d0f3f028a50e140204f75cba79a6e070921
sd_card_content/badusb_extra_payloads/social_engineering/Win/directly_ready/Bruce-Scripts-Heaven_BAD/Pranks/Invoke Fake Update (.vbs).txt,sd_card_content/badusb_extra_payloads/prank/Win/directly_ready/BadUsb-Library/Invoke Fake Update (.vbs).txt,503abb0f768f6b34cf7391b5e205a82732e5063f5a434e5b61765a23ad125601
sd_card_content/badusb_extra_payloads/social_engineering/Win/directly_ready/Bruce-Scripts-Heaven_BAD/Win10-Phishing/Fake-Windows-10-Logon.txt,sd_card_content/badusb_extra_payloads/authentication/Win/configuration_needed/BadUsb-Library/Fake-Windows-10-Logon.txt,55fb62c8456cc81a603d5fa5297253309706c4d764fc74f796be9fa1f6738c91
sd_card_content/badusb_extra_payloads/social_engineering/Win/directly_ready/Bruce-Scripts-Heaven_BAD/Win11-Phishing/Fake-Windows-11-Logon.txt,sd_card_content/badusb_extra_payloads/authentication/Win/configuration_needed/BadUsb-Library/Fake-Windows-11-Logon.txt,189bbb5be5f5a720f99119d74e1101252f094da1d405ffdd304ceb14f822fe55
sd_card_content/badusb_extra_payloads/social_engineering/Win/directly_ready/Bruce-Scripts-Heaven_BAD/BadUSB/phishing/Win/duckyphish/duckyphish.txt,sd_card_content/badusb_extra_payloads/social_engineering/Win/directly_ready/Bruce-Scripts-Heaven_BAD/phishing/Win/duckyphish/duckyphish.txt,518a0b1140cd9496ab6e3b6ace439ae50fa975584f1fbb423abe9691352639dd
sd_card_content/badusb_extra_payloads/_unclassified/Bruce-Scripts-Heaven_BAD/Tools/Add Exclusion C-drive.txt,sd_card_content/badusb_extra_payloads/utilities/Win/directly_ready/BadUsb-Library/Add Exclusion C-drive.txt,24c2f81431434d002fb8efa7324fd9ca830a6ff1dd0fa0ea6f246ad4c6684372
sd_card_content/badusb_extra_payloads/_unclassified/Bruce-Scripts-Heaven_BAD/Tools/Base64 Decode & Execute.txt,sd_card_content/badusb_extra_payloads/utilities/Win/directly_ready/BadUsb-Library/Base64 Decode & Execute.txt,b6cde475c08d375e834fa3d791a95ad478f8aaa43c87ccc6a814e0c43c40fae8
sd_card_content/badusb_extra_payloads/_unclassified/Bruce-Scripts-Heaven_BAD/Tools/Downgrade-PS-Win11.txt,sd_card_content/badusb_extra_payloads/utilities/Win/directly_ready/BadUsb-Library/Downgrade-PS-Win11.txt,38e3a78aa26cb1c2174c1160ee359a6ec33ef71bd390d33a039e6e8428e66b9d
sd_card_content/badusb_extra_payloads/_unclassified/Bruce-Scripts-Heaven_BAD/Tools/Download-Execute from Run Prompt.txt,sd_card_content/badusb_extra_payloads/utilities/Win/directly_ready/BadUsb-Library/Download-Execute from Run Prompt.txt,9f146723f8b4616e95cd2ea6446d6e2a4a044974fd63796a3f58f1c51c807a60
sd_card_content/badusb_extra_payloads/_unclassified/Bruce-Scripts-Heaven_BAD/Filetype-Organizer/Filetype-Organizer.txt,sd_card_content/badusb_extra_payloads/utilities/Win/directly_ready/BadUsb-Library/Filetype-Organizer.txt,adf08ada86739bd3e05d3a0baea6039ace9e3c192247bf848247ea3e4a1312db
sd_card_content/badusb_extra_payloads/_unclassified/Bruce-Scripts-Heaven_BAD/Hotfix_Warning/payload.txt,sd_card_content/badusb_extra_payloads/utilities/Win/directly_ready/BadUsb-Library/Hotfixes-List-Warning.txt,9e49e6f7e5f715df92001543134db418f4531299fa14ef67c9d5f10799033f3b
sd_card_content/badusb_extra_payloads/_unclassified/Bruce-Scripts-Heaven_BAD/general/Win/Win_HID_MonaLisa/MonaLisa.txt,sd_card_content/badusb_extra_payloads/utilities/Win/directly_ready/BadUsb-Library/MonaLisa.txt,9d9a91f6af214339af22f56aeb42e32d2d16a80648dc0e625e04797e3d09afe9
sd_card_content/badusb_extra_payloads/_unclassified/Bruce-Scripts-Heaven_BAD/Tools/Set US Keyboard & System Language.txt,sd_card_content/badusb_extra_payloads/utilities/Win/directly_ready/BadUsb-Library/Set US Keyboard & System Language.txt,cb28711eccc7374bee3a25bc36af7575cb0d485de06995bc10598c3e18ba928b
sd_card_content/badusb_extra_payloads/destruction/Win/directly_ready/Bruce-Scripts-Heaven_BAD/Flip-Subscribe/Subscribe.txt,sd_card_content/badusb_extra_payloads/utilities/Win/directly_ready/BadUsb-Library/Subscribe.txt,b537c9397088b42719a28cebf25b3917321ebfff7fdeaca541c8e151af5b3135
sd_card_content/badusb_extra_payloads/utilities/Win/directly_ready/Bruce-Scripts-Heaven_BAD/US-Keyboard-Layout/US-Keyboard.txt,sd_card_content/badusb_extra_payloads/utilities/Win/directly_ready/BadUsb-Library/US-Keyboard.txt,36d3ea9d4e8675bbf6caef8ddb01b06a3d7099eb576199d16ddeca050fe59c49
sd_card_content/badusb_extra_payloads/_unclassified/Bruce-Scripts-Heaven_BAD/Tools/Update Windows in Powershell.txt,sd_card_content/badusb_extra_payloads/utilities/Win/directly_ready/BadUsb-Library/Update Windows in Powershell.txt,d9af720a03f835ad4f3ab7b302724dbb40e4eade0a641e5e7daedb1c321794af
sd_card_content/badusb_extra_payloads/utilities/Win/directly_ready/Bruce-Scripts-Heaven_BAD/BadUSB/Char_Test.txt,sd_card_content/badusb_extra_payloads/utilities/Win/directly_ready/Bruce-Scripts-Heaven_BAD/Char_Test.txt,95d0ea0396d2d28f106a437712f083ea81c3fc6d477692e3469bdc38a977db34
sd_card_content/badusb_extra_payloads/utilities/Win/directly_ready/Bruce-Scripts-Heaven_BAD/BadUSB/Char_Test_ALTSTRING.txt,sd_card_content/badusb_extra_payloads/utilities/Win/directly_ready/Bruce-Scripts-Heaven_BAD/Char_Test_ALTSTRING.txt,410be80eabea443072f3bfda4b5c18e34a673d5f763b43bf492b12c873115fbb
sd_card_content/badusb_extra_payloads/utilities/Win/directly_ready/Bruce-Scripts-Heaven_BAD/BadUSB/GoodUSB.txt,sd_card_content/badusb_extra_payloads/utilities/Win/directly_ready/Bruce-Scripts-Heaven_BAD/GoodUSB.txt,fc26c20c32596000326b519013f71e9629a2bac675c2ebcb0f6ce773f3f65c90
sd_card_content/badusb_extra_payloads/utilities/Win/directly_ready/Bruce-Scripts-Heaven_BAD/File-Load_BadUSB/File-Load_BadUSB.txt,sd_card_content/badusb_extra_payloads/utilities/Win/directly_ready/Bruce-Scripts-Heaven_BAD/PC/File-Load_BadUSB.txt,2cde6cf1bd2365f73cb3138f0cc517d7b821245a5cd99edb4ddda255823d0f68
sd_card_content/badusb_extra_payloads/utilities/Win/directly_ready/Bruce-Scripts-Heaven_BAD/UNC0V3R3D-BadUSB/BadUsb-Collection/Windows_Badusb/GoodUSB/Bloatware_removal/bloatware_remover.txt,sd_card_content/badusb_extra_payloads/utilities/Win/directly_ready/Bruce-Scripts-Heaven_BAD/PC/GoodUSB/bloatware_remover.txt,722b5966b5850b815e82d5fe0aa580e749483355852d4234098f490c5310095b
sd_card_content/badusb_extra_payloads/utilities/Win/directly_ready/Bruce-Scripts-Heaven_BAD/UNC0V3R3D-BadUSB/BadUsb-Collection/Windows_Badusb/GoodUSB/Clear_Explorer/clear_explorer.txt,sd_card_content/badusb_extra_payloads/utilities/Win/directly_ready/Bruce-Scripts-Heaven_BAD/PC/GoodUSB/clear_explorer.txt,31597802aa9a82fc97b1234f0c3a3f0f3217d1afdb7aeeed76e6004ba3c59697
sd_card_content/badusb_extra_payloads/utilities/Win/directly_ready/Bruce-Scripts-Heaven_BAD/UNC0V3R3D-BadUSB/BadUsb-Collection/Windows_Badusb/GoodUSB/Disable_Cortana/disable_cortana.txt,sd_card_content/badusb_extra_payloads/utilities/Win/directly_ready/Bruce-Scripts-Heaven_BAD/PC/GoodUSB/disable_cortana.txt,74d7a4d2ec138b145771b742385d66e6eea66f6a20707cfa924791d9c0ce21d0
sd_card_content/badusb_extra_payloads/utilities/Win/directly_ready/Bruce-Scripts-Heaven_BAD/UNC0V3R3D-BadUSB/BadUsb-Collection/Windows_Badusb/GoodUSB/Enable_Cortana/enable_cortana.txt,sd_card_content/badusb_extra_payloads/utilities/Win/directly_ready/Bruce-Scripts-Heaven_BAD/PC/GoodUSB/enable_cortana.txt,5b1b76132e98240ed7d6fdc52ef9cd5f7fb8713e1b952fab150978feda4872bd
sd_card_content/badusb_extra_payloads/utilities/Win/directly_ready/Bruce-Scripts-Heaven_BAD/UNC0V3R3D-BadUSB/BadUsb-Collection/Windows_Badusb/GoodUSB/Privacy_Windows/privacy.txt,sd_card_content/badusb_extra_payloads/utilities/Win/directly_ready/Bruce-Scripts-Heaven_BAD/PC/GoodUSB/privacy.txt,d45603ecf3608fc39d0d6d3b3337697a8beb383a7dcff0a471372f4e424761e1
sd_card_content/badusb_extra_payloads/utilities/Win/directly_ready/Bruce-Scripts-Heaven_BAD/PC/windows11/You have been hacked desktop.txt,sd_card_content/badusb_extra_payloads/utilities/Win/directly_ready/Bruce-Scripts-Heaven_BAD/windows11/You have been hacked desktop.txt,e7a5e2d33bb24c3a3e73095ca6857c0fac99807a3ec04f0e010c2bdb6b006ebb
sd_card_content/badusb_extra_payloads/utilities/Win/directly_ready/Bruce-Scripts-Heaven_BAD/PC/windows11/matrix.txt,sd_card_content/badusb_extra_payloads/utilities/Win/directly_ready/Bruce-Scripts-Heaven_BAD/windows11/matrix.txt,aba573e41f31bd6b2b950ad3b6a79d6a5b73704e42667436ec834395ddd41438
sd_card_content/badusb_extra_payloads/utilities/Win/directly_ready/Bruce-Scripts-Heaven_BAD/PC/windows11/nyancat.txt,sd_card_content/badusb_extra_payloads/utilities/Win/directly_ready/Bruce-Scripts-Heaven_BAD/windows11/nyancat.txt,7bf1f47cdfd23b7a5605b5175db3cf237079c7b9327e10f1d6468bfb3919e3bf
sd_card_content/badusb_extra_payloads/utilities/Win/directly_ready/Bruce-Scripts-Heaven_BAD/BadUSB/incident_response/Win/GoodUSB/payload.txt,sd_card_content/badusb_extra_payloads/utilities/Win/directly_ready/Bruce-Scripts-Heaven_BAD/incident_response/GoodUSB/payload.txt,4d51573e8cd2a074951a282aed8ffcec8c2ca37ad458fdf067d7166d584d5442
sd_card_content/badusb_extra_payloads/utilities/Win/directly_ready/Bruce-Scripts-Heaven_BAD/PC/windows10/matrix ps hidden.txt,sd_card_content/badusb_extra_payloads/utilities/Win/directly_ready/Bruce-Scripts-Heaven_BAD/windows10/matrix ps hidden.txt,eb91f1d2ca702940506b83504d6321d1dec761f46a3768e85ee5a087caa2f1ac
