old_path	new_path	is_vendor_root_needs_provenance_note
sd_card_content/universal_rf/Gates/Road_Arm_(UK)	sd_card_content/universal_rf/Gates/Road_Arm_UK	
sd_card_content/universal_rf/Gates/Bruteforcing/Many OOK SUBs	sd_card_content/universal_rf/Gates/Bruteforcing/Many_OOK_SUBs	
sd_card_content/universal_rf/Vehicles/Lexus Toyota	sd_card_content/universal_rf/Vehicles/Lexus_Toyota	
sd_card_content/universal_rf/Vehicles/Lamborghini Huracan	sd_card_content/universal_rf/Vehicles/Lamborghini_Huracan	
sd_card_content/universal_rf/Vehicles/LDV Automotive	sd_card_content/universal_rf/Vehicles/LDV_Automotive	
sd_card_content/subghz_extra_dbs/Flipper Zero	sd_card_content/subghz_extra_dbs/Flipper_Zero	
sd_card_content/subghz_extra_dbs/Concert bracelet	sd_card_content/subghz_extra_dbs/Concert_bracelet	
sd_card_content/subghz_extra_dbs/DEFCON32_Bracelet (FREE-WILi)	sd_card_content/subghz_extra_dbs/DEFCON32_Bracelet_FREE-WILi	
sd_card_content/subghz_extra_dbs/Hampton Bay Ceiling Fan	sd_card_content/subghz_extra_dbs/Hampton_Bay_Ceiling_Fan	
sd_card_content/subghz_extra_dbs/Customer Service	sd_card_content/subghz_extra_dbs/Customer_Service	
sd_card_content/subghz_extra_dbs/Retekess pager system t119	sd_card_content/subghz_extra_dbs/Retekess_pager_system_t119	
sd_card_content/subghz_extra_dbs/CVS_Lowes_Wallgreens Chaos	sd_card_content/subghz_extra_dbs/CVS_Lowes_Wallgreens_Chaos	
sd_card_content/subghz_extra_dbs/Car Key Jammer	sd_card_content/subghz_extra_dbs/Car_Key_Jammer	
sd_card_content/subghz_extra_dbs/some sort of brute force	sd_card_content/subghz_extra_dbs/some_sort_of_brute_force	
sd_card_content/subghz_extra_dbs/WeVibe Unit 2	sd_card_content/subghz_extra_dbs/WeVibe_Unit_2	
sd_card_content/subghz_extra_dbs/1200 Cues Pyrotechnic Remote	sd_card_content/subghz_extra_dbs/1200_Cues_Pyrotechnic_Remote	
sd_card_content/subghz_extra_dbs/Doorbells/Dongguan_Smart Hero_Electronics	sd_card_content/subghz_extra_dbs/Doorbells/Dongguan_Smart_Hero_Electronics	
sd_card_content/subghz_extra_dbs/Gates/Road_Arm_(UK)	sd_card_content/subghz_extra_dbs/Gates/Road_Arm_UK	
sd_card_content/subghz_extra_dbs/Gates/Bruteforcing/Many OOK SUBs	sd_card_content/subghz_extra_dbs/Gates/Bruteforcing/Many_OOK_SUBs	
sd_card_content/subghz_extra_dbs/Fans/Flowmate Classic	sd_card_content/subghz_extra_dbs/Fans/Flowmate_Classic	
sd_card_content/subghz_extra_dbs/Ceiling_Fans/TX028C-S Remote	sd_card_content/subghz_extra_dbs/Ceiling_Fans/TX028C-S_Remote	
sd_card_content/subghz_extra_dbs/LED/SUPERNIGHT RGBW LED	sd_card_content/subghz_extra_dbs/LED/SUPERNIGHT_RGBW_LED	
sd_card_content/subghz_extra_dbs/LED/RF LED Controller T917	sd_card_content/subghz_extra_dbs/LED/RF_LED_Controller_T917	
sd_card_content/subghz_extra_dbs/LED/PZLOZ CLED-5501C desk lamp	sd_card_content/subghz_extra_dbs/LED/PZLOZ_CLED-5501C_desk_lamp	
sd_card_content/subghz_extra_dbs/Vehicles/Lexus Toyota	sd_card_content/subghz_extra_dbs/Vehicles/Lexus_Toyota	
sd_card_content/subghz_extra_dbs/Vehicles/Lamborghini Huracan	sd_card_content/subghz_extra_dbs/Vehicles/Lamborghini_Huracan	
sd_card_content/subghz_extra_dbs/Vehicles/LDV Automotive	sd_card_content/subghz_extra_dbs/Vehicles/LDV_Automotive	
sd_card_content/subghz_extra_dbs/Brujin/North Shore Comm Doors	sd_card_content/subghz_extra_dbs/Brujin/North_Shore_Comm_Doors	
sd_card_content/subghz_extra_dbs/Brujin/Open Sesame	sd_card_content/subghz_extra_dbs/Brujin/Open_Sesame	
sd_card_content/subghz_extra_dbs/Misc/Conrad Electronic Radio Controlled Socket	sd_card_content/subghz_extra_dbs/Misc/Conrad_Electronic_Radio_Controlled_Socket	
sd_card_content/subghz_extra_dbs/Adjustable_Beds/RIZE RI-AB5-A18-WWM-L-U-H	sd_card_content/subghz_extra_dbs/Adjustable_Beds/RIZE_RI-AB5-A18-WWM-L-U-H	
sd_card_content/universal_ir/assets/ACs/Lifetime Air	sd_card_content/universal_ir/assets/ACs/Lifetime_Air	
sd_card_content/ir_extra_dbs/Brand_(sorted)	sd_card_content/ir_extra_dbs/Brand_sorted	
sd_card_content/ir_extra_dbs/universal_remotes @sark	sd_card_content/ir_extra_dbs/universal_remotes_@sark	SIM
sd_card_content/ir_extra_dbs/irtobefree @sark	sd_card_content/ir_extra_dbs/irtobefree_@sark	SIM
sd_card_content/ir_extra_dbs/IrBegone @sark	sd_card_content/ir_extra_dbs/IrBegone_@sark	SIM
sd_card_content/ir_extra_dbs/_Converted_/Pronto/0-9/(Generic)	sd_card_content/ir_extra_dbs/_Converted_/Pronto/0-9/Generic	
sd_card_content/ir_extra_dbs/_Converted_/Pronto/B/Bang_&_Olufsen	sd_card_content/ir_extra_dbs/_Converted_/Pronto/B/Bang-and-Olufsen	
sd_card_content/ir_extra_dbs/_Converted_/Pronto/B/B&K_Components	sd_card_content/ir_extra_dbs/_Converted_/Pronto/B/B-and-K_Components	
sd_card_content/ir_extra_dbs/_Converted_/IR_Plus/E/EASY LIVING	sd_card_content/ir_extra_dbs/_Converted_/IR_Plus/E/EASY_LIVING	
sd_card_content/ir_extra_dbs/_Converted_/IR_Plus/C/CRISTOR ATLAS	sd_card_content/ir_extra_dbs/_Converted_/IR_Plus/C/CRISTOR_ATLAS	
sd_card_content/ir_extra_dbs/_Converted_/IR_Plus/C/CABLE MATTERS	sd_card_content/ir_extra_dbs/_Converted_/IR_Plus/C/CABLE_MATTERS	
sd_card_content/ir_extra_dbs/_Converted_/IR_Plus/C/CLARKE TECH	sd_card_content/ir_extra_dbs/_Converted_/IR_Plus/C/CLARKE_TECH	
sd_card_content/ir_extra_dbs/_Converted_/IR_Plus/C/CHANNEL VISION	sd_card_content/ir_extra_dbs/_Converted_/IR_Plus/C/CHANNEL_VISION	
sd_card_content/ir_extra_dbs/_Converted_/IR_Plus/C/CAMBRIDGE AUDIO	sd_card_content/ir_extra_dbs/_Converted_/IR_Plus/C/CAMBRIDGE_AUDIO	
sd_card_content/ir_extra_dbs/_Converted_/IR_Plus/S/STAR SAT	sd_card_content/ir_extra_dbs/_Converted_/IR_Plus/S/STAR_SAT	
sd_card_content/ir_extra_dbs/_Converted_/IR_Plus/I/ID DIGITAL	sd_card_content/ir_extra_dbs/_Converted_/IR_Plus/I/ID_DIGITAL	
sd_card_content/ir_extra_dbs/_Converted_/IR_Plus/A/ADVANCE ACOUSTIC	sd_card_content/ir_extra_dbs/_Converted_/IR_Plus/A/ADVANCE_ACOUSTIC	
sd_card_content/ir_extra_dbs/_Converted_/IR_Plus/A/AZ AMERICA	sd_card_content/ir_extra_dbs/_Converted_/IR_Plus/A/AZ_AMERICA	
sd_card_content/ir_extra_dbs/_Converted_/IR_Plus/A/AC RYAN	sd_card_content/ir_extra_dbs/_Converted_/IR_Plus/A/AC_RYAN	
sd_card_content/ir_extra_dbs/_Converted_/IR_Plus/T/TATA SKY	sd_card_content/ir_extra_dbs/_Converted_/IR_Plus/T/TATA_SKY	
sd_card_content/ir_extra_dbs/_Converted_/IR_Plus/T/TV SAMSUNG	sd_card_content/ir_extra_dbs/_Converted_/IR_Plus/T/TV_SAMSUNG	
sd_card_content/ir_extra_dbs/_Converted_/IR_Plus/D/DIAMOND VISION	sd_card_content/ir_extra_dbs/_Converted_/IR_Plus/D/DIAMOND_VISION	
sd_card_content/ir_extra_dbs/_Converted_/IR_Plus/D/DYNO JET	sd_card_content/ir_extra_dbs/_Converted_/IR_Plus/D/DYNO_JET	
sd_card_content/ir_extra_dbs/_Converted_/IR_Plus/D/DK DIGITAL	sd_card_content/ir_extra_dbs/_Converted_/IR_Plus/D/DK_DIGITAL	
sd_card_content/ir_extra_dbs/_Converted_/IR_Plus/W/WESTERN DIGITAL	sd_card_content/ir_extra_dbs/_Converted_/IR_Plus/W/WESTERN_DIGITAL	
sd_card_content/ir_extra_dbs/_Converted_/IR_Plus/G/GOLDEN MEDIA	sd_card_content/ir_extra_dbs/_Converted_/IR_Plus/G/GOLDEN_MEDIA	
sd_card_content/ir_extra_dbs/_Converted_/IR_Plus/P/PLUS AMERICA	sd_card_content/ir_extra_dbs/_Converted_/IR_Plus/P/PLUS_AMERICA	
sd_card_content/ir_extra_dbs/_Converted_/IR_Plus/N/NYTRO BOX	sd_card_content/ir_extra_dbs/_Converted_/IR_Plus/N/NYTRO_BOX	
sd_card_content/ir_extra_dbs/_Converted_/IR_Plus/H/HARMAN KARDON	sd_card_content/ir_extra_dbs/_Converted_/IR_Plus/H/HARMAN_KARDON	
sd_card_content/ir_extra_dbs/_Converted_/IR_Plus/H/HARMAN HARDON	sd_card_content/ir_extra_dbs/_Converted_/IR_Plus/H/HARMAN_HARDON	
sd_card_content/ir_extra_dbs/_Converted_/IR_Plus/H/HB DIGITAL	sd_card_content/ir_extra_dbs/_Converted_/IR_Plus/H/HB_DIGITAL	
sd_card_content/ir_extra_dbs/_Converted_/IR_Plus/B/BANG & OLUFSEN	sd_card_content/ir_extra_dbs/_Converted_/IR_Plus/B/BANG-and-OLUFSEN	
sd_card_content/ir_extra_dbs/_Converted_/_Pronto_Converted_/0-9/(Generic)	sd_card_content/ir_extra_dbs/_Converted_/_Pronto_Converted_/0-9/Generic	
sd_card_content/ir_extra_dbs/_Converted_/_Pronto_Converted_/B/B&K_Components	sd_card_content/ir_extra_dbs/_Converted_/_Pronto_Converted_/B/B-and-K_Components	
sd_card_content/ir_extra_dbs/_Converted_/CSV/C/Carver/Laser Disc	sd_card_content/ir_extra_dbs/_Converted_/CSV/C/Carver/Laser_Disc	
sd_card_content/ir_extra_dbs/_Converted_/CSV/S/Sanyo/Video Projector	sd_card_content/ir_extra_dbs/_Converted_/CSV/S/Sanyo/Video_Projector	
sd_card_content/ir_extra_dbs/_Converted_/CSV/M/Monoprice/Unknown_HDX(C)-501E	sd_card_content/ir_extra_dbs/_Converted_/CSV/M/Monoprice/Unknown_HDXC-501E	
sd_card_content/ir_extra_dbs/_Converted_/CSV/K/Kensington/iPod Dock	sd_card_content/ir_extra_dbs/_Converted_/CSV/K/Kensington/iPod_Dock	
sd_card_content/ir_extra_dbs/_Converted_/CSV/O/One_For_All/Unknown_URC-2510(12341)	sd_card_content/ir_extra_dbs/_Converted_/CSV/O/One_For_All/Unknown_URC-251012341	
sd_card_content/ir_extra_dbs/_Converted_/CSV/B/BnK_Components/Multi-Zone Receiver	sd_card_content/ir_extra_dbs/_Converted_/CSV/B/BnK_Components/Multi-Zone_Receiver	
sd_card_content/ir_extra_dbs/Humidifiers/Homedics/HoMedics TotalComfort Ultrasonic Humidifier	sd_card_content/ir_extra_dbs/Humidifiers/Homedics/HoMedics_TotalComfort_Ultrasonic_Humidifier	
sd_card_content/ir_extra_dbs/Brand_(sorted)/HARMAN KARDON	sd_card_content/ir_extra_dbs/Brand_(sorted)/HARMAN_KARDON	
sd_card_content/ir_extra_dbs/Brand_(sorted)/HARMAN HARDON	sd_card_content/ir_extra_dbs/Brand_(sorted)/HARMAN_HARDON	
sd_card_content/ir_extra_dbs/Brand_(sorted)/CRISTOR ATLAS	sd_card_content/ir_extra_dbs/Brand_(sorted)/CRISTOR_ATLAS	
sd_card_content/ir_extra_dbs/Brand_(sorted)/TATA SKY	sd_card_content/ir_extra_dbs/Brand_(sorted)/TATA_SKY	
sd_card_content/ir_extra_dbs/Brand_(sorted)/CABLE MATTERS	sd_card_content/ir_extra_dbs/Brand_(sorted)/CABLE_MATTERS	
sd_card_content/ir_extra_dbs/Brand_(sorted)/BANG & OLUFSEN	sd_card_content/ir_extra_dbs/Brand_(sorted)/BANG-and-OLUFSEN	
sd_card_content/ir_extra_dbs/Brand_(sorted)/TV SAMSUNG	sd_card_content/ir_extra_dbs/Brand_(sorted)/TV_SAMSUNG	
sd_card_content/ir_extra_dbs/Brand_(sorted)/CLARKE TECH	sd_card_content/ir_extra_dbs/Brand_(sorted)/CLARKE_TECH	
sd_card_content/ir_extra_dbs/Brand_(sorted)/GOLDEN MEDIA	sd_card_content/ir_extra_dbs/Brand_(sorted)/GOLDEN_MEDIA	
sd_card_content/ir_extra_dbs/Brand_(sorted)/WESTERN DIGITAL	sd_card_content/ir_extra_dbs/Brand_(sorted)/WESTERN_DIGITAL	
sd_card_content/ir_extra_dbs/Brand_(sorted)/ADVANCE ACOUSTIC	sd_card_content/ir_extra_dbs/Brand_(sorted)/ADVANCE_ACOUSTIC	
sd_card_content/ir_extra_dbs/Brand_(sorted)/AZ AMERICA	sd_card_content/ir_extra_dbs/Brand_(sorted)/AZ_AMERICA	
sd_card_content/ir_extra_dbs/Brand_(sorted)/HB DIGITAL	sd_card_content/ir_extra_dbs/Brand_(sorted)/HB_DIGITAL	
sd_card_content/ir_extra_dbs/Brand_(sorted)/AC RYAN	sd_card_content/ir_extra_dbs/Brand_(sorted)/AC_RYAN	
sd_card_content/ir_extra_dbs/Brand_(sorted)/EASY LIVING	sd_card_content/ir_extra_dbs/Brand_(sorted)/EASY_LIVING	
sd_card_content/ir_extra_dbs/Brand_(sorted)/DIAMOND VISION	sd_card_content/ir_extra_dbs/Brand_(sorted)/DIAMOND_VISION	
sd_card_content/ir_extra_dbs/Brand_(sorted)/NYTRO BOX	sd_card_content/ir_extra_dbs/Brand_(sorted)/NYTRO_BOX	
sd_card_content/ir_extra_dbs/Brand_(sorted)/STAR SAT	sd_card_content/ir_extra_dbs/Brand_(sorted)/STAR_SAT	
sd_card_content/ir_extra_dbs/Brand_(sorted)/CHANNEL VISION	sd_card_content/ir_extra_dbs/Brand_(sorted)/CHANNEL_VISION	
sd_card_content/ir_extra_dbs/Brand_(sorted)/PLUS AMERICA	sd_card_content/ir_extra_dbs/Brand_(sorted)/PLUS_AMERICA	
sd_card_content/ir_extra_dbs/Brand_(sorted)/DYNO JET	sd_card_content/ir_extra_dbs/Brand_(sorted)/DYNO_JET	
sd_card_content/ir_extra_dbs/Brand_(sorted)/ID DIGITAL	sd_card_content/ir_extra_dbs/Brand_(sorted)/ID_DIGITAL	
sd_card_content/ir_extra_dbs/Brand_(sorted)/CAMBRIDGE AUDIO	sd_card_content/ir_extra_dbs/Brand_(sorted)/CAMBRIDGE_AUDIO	
sd_card_content/ir_extra_dbs/Brand_(sorted)/DK DIGITAL	sd_card_content/ir_extra_dbs/Brand_(sorted)/DK_DIGITAL	
sd_card_content/ir_extra_dbs/Audio_and_Video_Receivers/Fossi Audio	sd_card_content/ir_extra_dbs/Audio_and_Video_Receivers/Fossi_Audio	
sd_card_content/ir_extra_dbs/Miscellaneous/Clever&Clean	sd_card_content/ir_extra_dbs/Miscellaneous/Clever-and-Clean	
sd_card_content/ir_extra_dbs/Miscellaneous/Tomlov Microscope	sd_card_content/ir_extra_dbs/Miscellaneous/Tomlov_Microscope	
sd_card_content/ir_extra_dbs/Miscellaneous/OREI HDMI Switcher	sd_card_content/ir_extra_dbs/Miscellaneous/OREI_HDMI_Switcher	
sd_card_content/ir_extra_dbs/Miscellaneous/Humidifiers/HoMedics TotalComfort Ultrasonic Humidifier	sd_card_content/ir_extra_dbs/Miscellaneous/Humidifiers/HoMedics_TotalComfort_Ultrasonic_Humidifier	
sd_card_content/ir_extra_dbs/Toys/Fisher Price	sd_card_content/ir_extra_dbs/Toys/Fisher_Price	
sd_card_content/ir_extra_dbs/Speakers/Kanto YU	sd_card_content/ir_extra_dbs/Speakers/Kanto_YU	
sd_card_content/ir_extra_dbs/LED_Lighting/American Lighting	sd_card_content/ir_extra_dbs/LED_Lighting/American_Lighting	
sd_card_content/ir_extra_dbs/DVD_Players/S2 Digital	sd_card_content/ir_extra_dbs/DVD_Players/S2_Digital	
sd_card_content/ir_extra_dbs/Heaters/Hampton Bay	sd_card_content/ir_extra_dbs/Heaters/Hampton_Bay	
sd_card_content/ir_extra_dbs/ACs/Lifetime Air	sd_card_content/ir_extra_dbs/ACs/Lifetime_Air	
sd_card_content/ir_extra_dbs/Projectors/Generic Projectors	sd_card_content/ir_extra_dbs/Projectors/Generic_Projectors	
sd_card_content/ir_extra_dbs/Projectors/Sony/Sony RM-PJ30	sd_card_content/ir_extra_dbs/Projectors/Sony/Sony_RM-PJ30	
