source_path,dest_path,transformation,ap_name
sd_card_content/wifi_portals/!repo/0xNOWHERE_BRUCE-FILES/Airlines/Air France/index.html,sd_card_mirror/PortalTemplates/!repo/0xNOWHERE_BRUCE-FILES/Airlines - Air France.html,ap_tag_folded,Air France WiFi
sd_card_content/wifi_portals/!repo/0xNOWHERE_BRUCE-FILES/Airlines/Air France/WithForgotCredentials/index.html,sd_card_mirror/PortalTemplates/!repo/0xNOWHERE_BRUCE-FILES/Airlines - Air France - WithForgotCredentials.html,ap_tag_folded,Air France WiFi
sd_card_content/wifi_portals/!repo/0xNOWHERE_BRUCE-FILES/Airlines/British Airways/index.html,sd_card_mirror/PortalTemplates/!repo/0xNOWHERE_BRUCE-FILES/Airlines - British Airways.html,ap_tag_folded,British Airways Free WiFi
sd_card_content/wifi_portals/!repo/0xNOWHERE_BRUCE-FILES/Airlines/British Airways/WithForgotCredentials/index.html,sd_card_mirror/PortalTemplates/!repo/0xNOWHERE_BRUCE-FILES/Airlines - British Airways - WithForgotCredentials.html,ap_tag_folded,British Airways Free WiFi
sd_card_content/wifi_portals/!repo/0xNOWHERE_BRUCE-FILES/Airlines/Brussels Airlines/index.html,sd_card_mirror/PortalTemplates/!repo/0xNOWHERE_BRUCE-FILES/Airlines - Brussels Airlines.html,ap_tag_folded,Brussels Airlines Hotspot
sd_card_content/wifi_portals/!repo/0xNOWHERE_BRUCE-FILES/Airlines/Brussels Airlines/WithForgotCredentials/index.html,sd_card_mirror/PortalTemplates/!repo/0xNOWHERE_BRUCE-FILES/Airlines - Brussels Airlines - WithForgotCredentials.html,ap_tag_folded,Brussels Airlines Hotspot
sd_card_content/wifi_portals/!repo/0xNOWHERE_BRUCE-FILES/Airlines/EasyJet/index.html,sd_card_mirror/PortalTemplates/!repo/0xNOWHERE_BRUCE-FILES/Airlines - EasyJet.html,ap_tag_folded,Lufthansa WiFi
sd_card_content/wifi_portals/!repo/0xNOWHERE_BRUCE-FILES/Airlines/EasyJet/WithForgotCredentials/index.html,sd_card_mirror/PortalTemplates/!repo/0xNOWHERE_BRUCE-FILES/Airlines - EasyJet - WithForgotCredentials.html,ap_tag_folded,Lufthansa WiFi
sd_card_content/wifi_portals/!repo/0xNOWHERE_BRUCE-FILES/Airlines/KLM/index.html,sd_card_mirror/PortalTemplates/!repo/0xNOWHERE_BRUCE-FILES/Airlines - KLM.html,ap_tag_folded,KLM WiFi
sd_card_content/wifi_portals/!repo/0xNOWHERE_BRUCE-FILES/Airlines/KLM/WithForgotCredentials/index.html,sd_card_mirror/PortalTemplates/!repo/0xNOWHERE_BRUCE-FILES/Airlines - KLM - WithForgotCredentials.html,ap_tag_folded,KLM WiFi
sd_card_content/wifi_portals/!repo/0xNOWHERE_BRUCE-FILES/Airlines/Lufthansa/index.html,sd_card_mirror/PortalTemplates/!repo/0xNOWHERE_BRUCE-FILES/Airlines - Lufthansa.html,ap_tag_folded,Lufthansa WiFi
sd_card_content/wifi_portals/!repo/0xNOWHERE_BRUCE-FILES/Airlines/Lufthansa/WithForgotCredentials/index.html,sd_card_mirror/PortalTemplates/!repo/0xNOWHERE_BRUCE-FILES/Airlines - Lufthansa - WithForgotCredentials.html,ap_tag_folded,Lufthansa WiFi
sd_card_content/wifi_portals/!repo/0xNOWHERE_BRUCE-FILES/Airlines/Ryanair/index.html,sd_card_mirror/PortalTemplates/!repo/0xNOWHERE_BRUCE-FILES/Airlines - Ryanair.html,ap_tag_folded,Ryanair Free WiFi
sd_card_content/wifi_portals/!repo/0xNOWHERE_BRUCE-FILES/Airlines/Ryanair/WithForgotCredentials/index.html,sd_card_mirror/PortalTemplates/!repo/0xNOWHERE_BRUCE-FILES/Airlines - Ryanair - WithForgotCredentials.html,ap_tag_folded,Ryanair Free WiFi
sd_card_content/wifi_portals/!repo/0xNOWHERE_BRUCE-FILES/Airlines/SwissAir/index.html,sd_card_mirror/PortalTemplates/!repo/0xNOWHERE_BRUCE-FILES/Airlines - SwissAir.html,ap_tag_folded,Swiss Hotspot
sd_card_content/wifi_portals/!repo/0xNOWHERE_BRUCE-FILES/Airlines/SwissAir/WithForgotCredentials/index.html,sd_card_mirror/PortalTemplates/!repo/0xNOWHERE_BRUCE-FILES/Airlines - SwissAir - WithForgotCredentials.html,ap_tag_folded,Swiss Hotspot
sd_card_content/wifi_portals/!repo/0xNOWHERE_BRUCE-FILES/Airlines/Turkish Airlines/index.html,sd_card_mirror/PortalTemplates/!repo/0xNOWHERE_BRUCE-FILES/Airlines - Turkish Airlines.html,ap_tag_folded,Turkish Airlines Hotspot
sd_card_content/wifi_portals/!repo/0xNOWHERE_BRUCE-FILES/Airlines/Turkish Airlines/WithForgotCredentials/index.html,sd_card_mirror/PortalTemplates/!repo/0xNOWHERE_BRUCE-FILES/Airlines - Turkish Airlines - WithForgotCredentials.html,ap_tag_folded,Turkish Airlines Hotspot
sd_card_content/wifi_portals/!repo/0xNOWHERE_BRUCE-FILES/Brands/Apple/index.html,sd_card_mirror/PortalTemplates/!repo/0xNOWHERE_BRUCE-FILES/Brands - Apple.html,ap_tag_folded,Apple Free Hotspot
sd_card_content/wifi_portals/!repo/0xNOWHERE_BRUCE-FILES/Brands/Apple/WithForgotCredentials/index.html,sd_card_mirror/PortalTemplates/!repo/0xNOWHERE_BRUCE-FILES/Brands - Apple - WithForgotCredentials.html,ap_tag_folded,Apple Hotspot
sd_card_content/wifi_portals/!repo/0xNOWHERE_BRUCE-FILES/Brands/Carlsberg/index.html,sd_card_mirror/PortalTemplates/!repo/0xNOWHERE_BRUCE-FILES/Brands - Carlsberg.html,ap_tag_folded,Carlsberg Free WiFi
sd_card_content/wifi_portals/!repo/0xNOWHERE_BRUCE-FILES/Brands/Carlsberg/WithForgotCredentials/index.html,sd_card_mirror/PortalTemplates/!repo/0xNOWHERE_BRUCE-FILES/Brands - Carlsberg - WithForgotCredentials.html,ap_tag_folded,Carlsberg Free WiFi
sd_card_content/wifi_portals/!repo/0xNOWHERE_BRUCE-FILES/Brands/Coca-Cola/index.html,sd_card_mirror/PortalTemplates/!repo/0xNOWHERE_BRUCE-FILES/Brands - Coca-Cola.html,ap_tag_folded,Coca-Cola Free WiFi
sd_card_content/wifi_portals/!repo/0xNOWHERE_BRUCE-FILES/Brands/Coca-Cola/WithForgotCredentials/index.html,sd_card_mirror/PortalTemplates/!repo/0xNOWHERE_BRUCE-FILES/Brands - Coca-Cola - WithForgotCredentials.html,ap_tag_folded,Coca-Cola Free WiFi
sd_card_content/wifi_portals/!repo/0xNOWHERE_BRUCE-FILES/Brands/Nike/index.html,sd_card_mirror/PortalTemplates/!repo/0xNOWHERE_BRUCE-FILES/Brands - Nike.html,ap_tag_folded,Just do it
sd_card_content/wifi_portals/!repo/0xNOWHERE_BRUCE-FILES/Brands/Nike/WithForgotCredentials/index.html,sd_card_mirror/PortalTemplates/!repo/0xNOWHERE_BRUCE-FILES/Brands - Nike - WithForgotCredentials.html,ap_tag_folded,Just do it
sd_card_content/wifi_portals/!repo/0xNOWHERE_BRUCE-FILES/Brands/Red Bull/index.html,sd_card_mirror/PortalTemplates/!repo/0xNOWHERE_BRUCE-FILES/Brands - Red Bull.html,ap_tag_folded,Red Bull gives you WiFi
sd_card_content/wifi_portals/!repo/0xNOWHERE_BRUCE-FILES/Brands/Red Bull/WithForgotCredentials/index.html,sd_card_mirror/PortalTemplates/!repo/0xNOWHERE_BRUCE-FILES/Brands - Red Bull - WithForgotCredentials.html,ap_tag_folded,Red Bull gives you WiFi
sd_card_content/wifi_portals/!repo/0xNOWHERE_BRUCE-FILES/Etc/AlaskaAirline.html,sd_card_mirror/PortalTemplates/!repo/0xNOWHERE_BRUCE-FILES/Etc - AlaskaAirline.html,as_is_copy,
sd_card_content/wifi_portals/!repo/0xNOWHERE_BRUCE-FILES/Etc/Amazon.html,sd_card_mirror/PortalTemplates/!repo/0xNOWHERE_BRUCE-FILES/Etc - Amazon.html,as_is_copy,
sd_card_content/wifi_portals/!repo/0xNOWHERE_BRUCE-FILES/Etc/CoxWifi.html,sd_card_mirror/PortalTemplates/!repo/0xNOWHERE_BRUCE-FILES/Etc - CoxWifi.html,as_is_copy,
sd_card_content/wifi_portals/!repo/0xNOWHERE_BRUCE-FILES/Etc/Facebook.html,sd_card_mirror/PortalTemplates/!repo/0xNOWHERE_BRUCE-FILES/Etc - Facebook.html,as_is_copy,
sd_card_content/wifi_portals/!repo/0xNOWHERE_BRUCE-FILES/Etc/Google_Mobile.html,sd_card_mirror/PortalTemplates/!repo/0xNOWHERE_BRUCE-FILES/Etc - Google_Mobile.html,as_is_copy,
sd_card_content/wifi_portals/!repo/0xNOWHERE_BRUCE-FILES/Etc/Google_Modern.html,sd_card_mirror/PortalTemplates/!repo/0xNOWHERE_BRUCE-FILES/Etc - Google_Modern.html,as_is_copy,
sd_card_content/wifi_portals/!repo/0xNOWHERE_BRUCE-FILES/Etc/Jet_Blue.html,sd_card_mirror/PortalTemplates/!repo/0xNOWHERE_BRUCE-FILES/Etc - Jet_Blue.html,as_is_copy,
sd_card_content/wifi_portals/!repo/0xNOWHERE_BRUCE-FILES/Etc/Matrix.html,sd_card_mirror/PortalTemplates/!repo/0xNOWHERE_BRUCE-FILES/Etc - Matrix.html,as_is_copy,
sd_card_content/wifi_portals/!repo/0xNOWHERE_BRUCE-FILES/Etc/Microsoft.html,sd_card_mirror/PortalTemplates/!repo/0xNOWHERE_BRUCE-FILES/Etc - Microsoft.html,as_is_copy,
sd_card_content/wifi_portals/!repo/0xNOWHERE_BRUCE-FILES/Etc/Microsoft365.html,sd_card_mirror/PortalTemplates/!repo/0xNOWHERE_BRUCE-FILES/Etc - Microsoft365.html,as_is_copy,
sd_card_content/wifi_portals/!repo/0xNOWHERE_BRUCE-FILES/Etc/Spectrum.html,sd_card_mirror/PortalTemplates/!repo/0xNOWHERE_BRUCE-FILES/Etc - Spectrum.html,as_is_copy,
sd_card_content/wifi_portals/!repo/0xNOWHERE_BRUCE-FILES/Etc/SpiritAirlines.html,sd_card_mirror/PortalTemplates/!repo/0xNOWHERE_BRUCE-FILES/Etc - SpiritAirlines.html,as_is_copy,
sd_card_content/wifi_portals/!repo/0xNOWHERE_BRUCE-FILES/Etc/Starlink.html,sd_card_mirror/PortalTemplates/!repo/0xNOWHERE_BRUCE-FILES/Etc - Starlink.html,as_is_copy,
sd_card_content/wifi_portals/!repo/0xNOWHERE_BRUCE-FILES/Etc/T_Mobile.html,sd_card_mirror/PortalTemplates/!repo/0xNOWHERE_BRUCE-FILES/Etc - T_Mobile.html,as_is_copy,
sd_card_content/wifi_portals/!repo/0xNOWHERE_BRUCE-FILES/Etc/Twitch.html,sd_card_mirror/PortalTemplates/!repo/0xNOWHERE_BRUCE-FILES/Etc - Twitch.html,as_is_copy,
sd_card_content/wifi_portals/!repo/0xNOWHERE_BRUCE-FILES/Etc/Twitter.html,sd_card_mirror/PortalTemplates/!repo/0xNOWHERE_BRUCE-FILES/Etc - Twitter.html,as_is_copy,
sd_card_content/wifi_portals/!repo/0xNOWHERE_BRUCE-FILES/Etc/Verizon.html,sd_card_mirror/PortalTemplates/!repo/0xNOWHERE_BRUCE-FILES/Etc - Verizon.html,as_is_copy,
sd_card_content/wifi_portals/!repo/0xNOWHERE_BRUCE-FILES/Etc/american_airline.html,sd_card_mirror/PortalTemplates/!repo/0xNOWHERE_BRUCE-FILES/Etc - american_airline.html,as_is_copy,
sd_card_content/wifi_portals/!repo/0xNOWHERE_BRUCE-FILES/Etc/apple.html,sd_card_mirror/PortalTemplates/!repo/0xNOWHERE_BRUCE-FILES/Etc - apple.html,as_is_copy,
sd_card_content/wifi_portals/!repo/0xNOWHERE_BRUCE-FILES/Etc/at&t.html,sd_card_mirror/PortalTemplates/!repo/0xNOWHERE_BRUCE-FILES/Etc - at&t.html,as_is_copy,
sd_card_content/wifi_portals/!repo/0xNOWHERE_BRUCE-FILES/Etc/detla_airline.html,sd_card_mirror/PortalTemplates/!repo/0xNOWHERE_BRUCE-FILES/Etc - detla_airline.html,as_is_copy,
sd_card_content/wifi_portals/!repo/0xNOWHERE_BRUCE-FILES/Etc/southwest_airline.html,sd_card_mirror/PortalTemplates/!repo/0xNOWHERE_BRUCE-FILES/Etc - southwest_airline.html,as_is_copy,
sd_card_content/wifi_portals/!repo/0xNOWHERE_BRUCE-FILES/Etc/united_airline.html,sd_card_mirror/PortalTemplates/!repo/0xNOWHERE_BRUCE-FILES/Etc - united_airline.html,as_is_copy,
sd_card_content/wifi_portals/!repo/0xNOWHERE_BRUCE-FILES/Fast Foods & coffeeshops/KFC/index.html,sd_card_mirror/PortalTemplates/!repo/0xNOWHERE_BRUCE-FILES/Fast Foods & coffeeshops - KFC.html,ap_tag_folded,KFC Hotspot
sd_card_content/wifi_portals/!repo/0xNOWHERE_BRUCE-FILES/Fast Foods & coffeeshops/KFC/WithForgotCredentials/index.html,sd_card_mirror/PortalTemplates/!repo/0xNOWHERE_BRUCE-FILES/Fast Foods & coffeeshops - KFC - WithForgotCredentials.html,ap_tag_folded,KFC Hotspot
sd_card_content/wifi_portals/!repo/0xNOWHERE_BRUCE-FILES/Fast Foods & coffeeshops/McDonald's/index.html,sd_card_mirror/PortalTemplates/!repo/0xNOWHERE_BRUCE-FILES/Fast Foods & coffeeshops - McDonald's.html,ap_tag_folded,McDonald's
sd_card_content/wifi_portals/!repo/0xNOWHERE_BRUCE-FILES/Fast Foods & coffeeshops/McDonald's/WithForgotCredentials/index.html,sd_card_mirror/PortalTemplates/!repo/0xNOWHERE_BRUCE-FILES/Fast Foods & coffeeshops - McDonald's - WithForgotCredentials.html,ap_tag_folded,McDonald's
sd_card_content/wifi_portals/!repo/0xNOWHERE_BRUCE-FILES/Fast Foods & coffeeshops/Pizza Hut/index.html,sd_card_mirror/PortalTemplates/!repo/0xNOWHERE_BRUCE-FILES/Fast Foods & coffeeshops - Pizza Hut.html,ap_tag_folded,Pizza Hut WiFi
sd_card_content/wifi_portals/!repo/0xNOWHERE_BRUCE-FILES/Fast Foods & coffeeshops/Pizza Hut/WithForgottenCredentials/index.html,sd_card_mirror/PortalTemplates/!repo/0xNOWHERE_BRUCE-FILES/Fast Foods & coffeeshops - Pizza Hut - WithForgottenCredentials.html,ap_tag_folded,Pizza Hut Free WiFi
sd_card_content/wifi_portals/!repo/0xNOWHERE_BRUCE-FILES/Fast Foods & coffeeshops/Quick/index.html,sd_card_mirror/PortalTemplates/!repo/0xNOWHERE_BRUCE-FILES/Fast Foods & coffeeshops - Quick.html,ap_tag_folded,Quick WiFi
sd_card_content/wifi_portals/!repo/0xNOWHERE_BRUCE-FILES/Fast Foods & coffeeshops/Quick/WithForgotCredentials/index.html,sd_card_mirror/PortalTemplates/!repo/0xNOWHERE_BRUCE-FILES/Fast Foods & coffeeshops - Quick - WithForgotCredentials.html,ap_tag_folded,Quick WiFi
sd_card_content/wifi_portals/!repo/0xNOWHERE_BRUCE-FILES/Fast Foods & coffeeshops/Starbucks Coffee/index.html,sd_card_mirror/PortalTemplates/!repo/0xNOWHERE_BRUCE-FILES/Fast Foods & coffeeshops - Starbucks Coffee.html,ap_tag_folded,Starbucks WiFi
sd_card_content/wifi_portals/!repo/0xNOWHERE_BRUCE-FILES/Fast Foods & coffeeshops/Starbucks Coffee/starb.html,sd_card_mirror/PortalTemplates/!repo/0xNOWHERE_BRUCE-FILES/Fast Foods & coffeeshops - Starbucks Coffee - starb.html,as_is_copy,
sd_card_content/wifi_portals/!repo/0xNOWHERE_BRUCE-FILES/Fast Foods & coffeeshops/Starbucks Coffee/WithForgotCredentials/index.html,sd_card_mirror/PortalTemplates/!repo/0xNOWHERE_BRUCE-FILES/Fast Foods & coffeeshops - Starbucks Coffee - WithForgotCredentials.html,ap_tag_folded,Starbucks WiFi
sd_card_content/wifi_portals/!repo/0xNOWHERE_BRUCE-FILES/Gyms/Anytime Fitness/index.html,sd_card_mirror/PortalTemplates/!repo/0xNOWHERE_BRUCE-FILES/Gyms - Anytime Fitness.html,ap_tag_folded,Anytime Fitness WiFi
sd_card_content/wifi_portals/!repo/0xNOWHERE_BRUCE-FILES/Gyms/Anytime Fitness/WithForgotCredentials/index.html,sd_card_mirror/PortalTemplates/!repo/0xNOWHERE_BRUCE-FILES/Gyms - Anytime Fitness - WithForgotCredentials.html,ap_tag_folded,Anytime Fitness WiFi
sd_card_content/wifi_portals/!repo/0xNOWHERE_BRUCE-FILES/Gyms/Basic-Fit/index.html,sd_card_mirror/PortalTemplates/!repo/0xNOWHERE_BRUCE-FILES/Gyms - Basic-Fit.html,ap_tag_folded,BASIC-FIT WiFi
sd_card_content/wifi_portals/!repo/0xNOWHERE_BRUCE-FILES/Gyms/Basic-Fit/WithForgotCredentials/index.html,sd_card_mirror/PortalTemplates/!repo/0xNOWHERE_BRUCE-FILES/Gyms - Basic-Fit - WithForgotCredentials.html,ap_tag_folded,BASIC-FIT WiFi
sd_card_content/wifi_portals/!repo/0xNOWHERE_BRUCE-FILES/Gyms/Fitness First/index.html,sd_card_mirror/PortalTemplates/!repo/0xNOWHERE_BRUCE-FILES/Gyms - Fitness First.html,ap_tag_folded,Fitness First WiFi
sd_card_content/wifi_portals/!repo/0xNOWHERE_BRUCE-FILES/Gyms/Fitness First/WithForgotCredentials/index.html,sd_card_mirror/PortalTemplates/!repo/0xNOWHERE_BRUCE-FILES/Gyms - Fitness First - WithForgotCredentials.html,ap_tag_folded,Fitness First WiFi
sd_card_content/wifi_portals/!repo/0xNOWHERE_BRUCE-FILES/Gyms/Holmes Place/index.html,sd_card_mirror/PortalTemplates/!repo/0xNOWHERE_BRUCE-FILES/Gyms - Holmes Place.html,ap_tag_folded,Holmes Place WiFi
sd_card_content/wifi_portals/!repo/0xNOWHERE_BRUCE-FILES/Gyms/Holmes Place/WithForgotCredentials/index.html,sd_card_mirror/PortalTemplates/!repo/0xNOWHERE_BRUCE-FILES/Gyms - Holmes Place - WithForgotCredentials.html,ap_tag_folded,Holmes Place WiFi
sd_card_content/wifi_portals/!repo/0xNOWHERE_BRUCE-FILES/Gyms/McFIT/index.html,sd_card_mirror/PortalTemplates/!repo/0xNOWHERE_BRUCE-FILES/Gyms - McFIT.html,ap_tag_folded,McFIT WiFi
sd_card_content/wifi_portals/!repo/0xNOWHERE_BRUCE-FILES/Gyms/McFIT/WithForgotCredentials/index.html,sd_card_mirror/PortalTemplates/!repo/0xNOWHERE_BRUCE-FILES/Gyms - McFIT - WithForgotCredentials.html,ap_tag_folded,McFIT WiFi
sd_card_content/wifi_portals/!repo/0xNOWHERE_BRUCE-FILES/Gyms/Neoness/index.html,sd_card_mirror/PortalTemplates/!repo/0xNOWHERE_BRUCE-FILES/Gyms - Neoness.html,ap_tag_folded,Neoness WiFi
sd_card_content/wifi_portals/!repo/0xNOWHERE_BRUCE-FILES/Gyms/Neoness/WithForgotCredentials/index.html,sd_card_mirror/PortalTemplates/!repo/0xNOWHERE_BRUCE-FILES/Gyms - Neoness - WithForgotCredentials.html,ap_tag_folded,Neoness WiFi
sd_card_content/wifi_portals/!repo/0xNOWHERE_BRUCE-FILES/Hotels/Best Western Hotels/index.html,sd_card_mirror/PortalTemplates/!repo/0xNOWHERE_BRUCE-FILES/Hotels - Best Western Hotels.html,ap_tag_folded,Best Western Hotel Guest WiFi
sd_card_content/wifi_portals/!repo/0xNOWHERE_BRUCE-FILES/Hotels/Best Western Hotels/WithForgottenCredentials/index.html,sd_card_mirror/PortalTemplates/!repo/0xNOWHERE_BRUCE-FILES/Hotels - Best Western Hotels - WithForgottenCredentials.html,ap_tag_folded,Best Western Hotel Guest WiFi
sd_card_content/wifi_portals/!repo/0xNOWHERE_BRUCE-FILES/Hotels/Hilton/index.html,sd_card_mirror/PortalTemplates/!repo/0xNOWHERE_BRUCE-FILES/Hotels - Hilton.html,ap_tag_folded,Hilton Guest WiFi
sd_card_content/wifi_portals/!repo/0xNOWHERE_BRUCE-FILES/Hotels/Hilton/WithForgotCredentials/index.html,sd_card_mirror/PortalTemplates/!repo/0xNOWHERE_BRUCE-FILES/Hotels - Hilton - WithForgotCredentials.html,ap_tag_folded,Hilton Guest WiFi
sd_card_content/wifi_portals/!repo/0xNOWHERE_BRUCE-FILES/Hotels/Ibis Hotels/index.html,sd_card_mirror/PortalTemplates/!repo/0xNOWHERE_BRUCE-FILES/Hotels - Ibis Hotels.html,ap_tag_folded,Ibis Hotel Guest WiFi
sd_card_content/wifi_portals/!repo/0xNOWHERE_BRUCE-FILES/Hotels/Ibis Hotels/WithForgotCredentials/index.html,sd_card_mirror/PortalTemplates/!repo/0xNOWHERE_BRUCE-FILES/Hotels - Ibis Hotels - WithForgotCredentials.html,ap_tag_folded,Ibis Hotel Guest WiFi
sd_card_content/wifi_portals/!repo/0xNOWHERE_BRUCE-FILES/Hotels/Novotel/index.html,sd_card_mirror/PortalTemplates/!repo/0xNOWHERE_BRUCE-FILES/Hotels - Novotel.html,ap_tag_folded,Novotel Guest Wifi
sd_card_content/wifi_portals/!repo/0xNOWHERE_BRUCE-FILES/Hotels/Novotel/WithForgotCredentials/index.html,sd_card_mirror/PortalTemplates/!repo/0xNOWHERE_BRUCE-FILES/Hotels - Novotel - WithForgotCredentials.html,ap_tag_folded,Novotel Guest Wifi
sd_card_content/wifi_portals/!repo/0xNOWHERE_BRUCE-FILES/Hotels/Radisson/index.html,sd_card_mirror/PortalTemplates/!repo/0xNOWHERE_BRUCE-FILES/Hotels - Radisson.html,ap_tag_folded,Radisson Hotel Guest WiFi
sd_card_content/wifi_portals/!repo/0xNOWHERE_BRUCE-FILES/Hotels/Radisson/WithForgotCredentials/index.html,sd_card_mirror/PortalTemplates/!repo/0xNOWHERE_BRUCE-FILES/Hotels - Radisson - WithForgotCredentials.html,ap_tag_folded,Radisson Hotel Guest WiFi
sd_card_content/wifi_portals/!repo/0xNOWHERE_BRUCE-FILES/Hotels/Sheraton/index.html,sd_card_mirror/PortalTemplates/!repo/0xNOWHERE_BRUCE-FILES/Hotels - Sheraton.html,ap_tag_folded,Sheraton Guest Wifi
sd_card_content/wifi_portals/!repo/0xNOWHERE_BRUCE-FILES/Hotels/Sheraton/WithForgotCredentials/index.html,sd_card_mirror/PortalTemplates/!repo/0xNOWHERE_BRUCE-FILES/Hotels - Sheraton - WithForgotCredentials.html,ap_tag_folded,Sheraton Guest Wifi
sd_card_content/wifi_portals/!repo/0xNOWHERE_BRUCE-FILES/Internet Providers/British Telecom/index.html,sd_card_mirror/PortalTemplates/!repo/0xNOWHERE_BRUCE-FILES/Internet Providers - British Telecom.html,ap_tag_folded,BT WIFI
sd_card_content/wifi_portals/!repo/0xNOWHERE_BRUCE-FILES/Internet Providers/British Telecom/WithForgotCredentials/index.html,sd_card_mirror/PortalTemplates/!repo/0xNOWHERE_BRUCE-FILES/Internet Providers - British Telecom - WithForgotCredentials.html,ap_tag_folded,BT WIFI
sd_card_content/wifi_portals/!repo/0xNOWHERE_BRUCE-FILES/Internet Providers/Deutsche Telekom/index.html,sd_card_mirror/PortalTemplates/!repo/0xNOWHERE_BRUCE-FILES/Internet Providers - Deutsche Telekom.html,ap_tag_folded,Deutsche Telekom Hotspot
sd_card_content/wifi_portals/!repo/0xNOWHERE_BRUCE-FILES/Internet Providers/Deutsche Telekom/GermanVersion/index.html,sd_card_mirror/PortalTemplates/!repo/0xNOWHERE_BRUCE-FILES/Internet Providers - Deutsche Telekom - GermanVersion.html,ap_tag_folded,Deutsche Telekom Hotspot
sd_card_content/wifi_portals/!repo/0xNOWHERE_BRUCE-FILES/Internet Providers/Deutsche Telekom/GermanVersion/GermanVersionWithForgotCreds/index.html,sd_card_mirror/PortalTemplates/!repo/0xNOWHERE_BRUCE-FILES/Internet Providers - Deutsche Telekom - GermanVersion - GermanVersionWithForgotCreds.html,ap_tag_folded,Deutsche Telekom Hotspot
sd_card_content/wifi_portals/!repo/0xNOWHERE_BRUCE-FILES/Internet Providers/Deutsche Telekom/WithForgotCredentials/index.html,sd_card_mirror/PortalTemplates/!repo/0xNOWHERE_BRUCE-FILES/Internet Providers - Deutsche Telekom - WithForgotCredentials.html,ap_tag_folded,Deutsche Telekom Hotspot
sd_card_content/wifi_portals/!repo/0xNOWHERE_BRUCE-FILES/Internet Providers/Nos/index.html,sd_card_mirror/PortalTemplates/!repo/0xNOWHERE_BRUCE-FILES/Internet Providers - Nos.html,ap_tag_folded,Wifi-Nos-Gratis
sd_card_content/wifi_portals/!repo/0xNOWHERE_BRUCE-FILES/Internet Providers/Orange™/index.html,sd_card_mirror/PortalTemplates/!repo/0xNOWHERE_BRUCE-FILES/Internet Providers - Orange™.html,ap_tag_folded,Orange Free Hotspot
sd_card_content/wifi_portals/!repo/0xNOWHERE_BRUCE-FILES/Internet Providers/Orange™/WithForgotCredentials/index.html,sd_card_mirror/PortalTemplates/!repo/0xNOWHERE_BRUCE-FILES/Internet Providers - Orange™ - WithForgotCredentials.html,ap_tag_folded,Orange Free Hotspot
sd_card_content/wifi_portals/!repo/0xNOWHERE_BRUCE-FILES/Internet Providers/Proximus/index.html,sd_card_mirror/PortalTemplates/!repo/0xNOWHERE_BRUCE-FILES/Internet Providers - Proximus.html,ap_tag_folded,Proximus Free Hotspot
sd_card_content/wifi_portals/!repo/0xNOWHERE_BRUCE-FILES/Internet Providers/Proximus/WithForgotCredentials/index.html,sd_card_mirror/PortalTemplates/!repo/0xNOWHERE_BRUCE-FILES/Internet Providers - Proximus - WithForgotCredentials.html,ap_tag_folded,Proximus Free Hotspot
sd_card_content/wifi_portals/!repo/0xNOWHERE_BRUCE-FILES/Internet Providers/Telefónica/index.html,sd_card_mirror/PortalTemplates/!repo/0xNOWHERE_BRUCE-FILES/Internet Providers - Telefónica.html,ap_tag_folded,Telefónica Hotspot
sd_card_content/wifi_portals/!repo/0xNOWHERE_BRUCE-FILES/Internet Providers/Telefónica/SpanishVersion/index.html,sd_card_mirror/PortalTemplates/!repo/0xNOWHERE_BRUCE-FILES/Internet Providers - Telefónica - SpanishVersion.html,ap_tag_folded,Telefónica Punto de acceso
sd_card_content/wifi_portals/!repo/0xNOWHERE_BRUCE-FILES/Internet Providers/Telefónica/SpanishVersion/SpanishVersionWithForgotCreds/index.html,sd_card_mirror/PortalTemplates/!repo/0xNOWHERE_BRUCE-FILES/Internet Providers - Telefónica - SpanishVersion - SpanishVersionWithForgotCreds.html,ap_tag_folded,Telefónica Punto de acceso
sd_card_content/wifi_portals/!repo/0xNOWHERE_BRUCE-FILES/Internet Providers/Telefónica/WithForgotCredentials/index.html,sd_card_mirror/PortalTemplates/!repo/0xNOWHERE_BRUCE-FILES/Internet Providers - Telefónica - WithForgotCredentials.html,ap_tag_folded,Telefónica Hotspot
sd_card_content/wifi_portals/!repo/0xNOWHERE_BRUCE-FILES/Internet Providers/Vodafone/index.html,sd_card_mirror/PortalTemplates/!repo/0xNOWHERE_BRUCE-FILES/Internet Providers - Vodafone.html,ap_tag_folded,Vodafone Free Hotspot
sd_card_content/wifi_portals/!repo/0xNOWHERE_BRUCE-FILES/Internet Providers/Vodafone/WithForgotCredentials/index.html,sd_card_mirror/PortalTemplates/!repo/0xNOWHERE_BRUCE-FILES/Internet Providers - Vodafone - WithForgotCredentials.html,ap_tag_folded,Vodafone Free Hotspot
sd_card_content/wifi_portals/!repo/0xNOWHERE_BRUCE-FILES/My work/message.html,sd_card_mirror/PortalTemplates/!repo/0xNOWHERE_BRUCE-FILES/My work - message.html,as_is_copy,
sd_card_content/wifi_portals/!repo/0xNOWHERE_BRUCE-FILES/My work/rickroll.html,sd_card_mirror/PortalTemplates/!repo/0xNOWHERE_BRUCE-FILES/My work - rickroll.html,as_is_copy,
sd_card_content/wifi_portals/!repo/0xNOWHERE_BRUCE-FILES/Railway Companies/Deutsche Bahn/index.html,sd_card_mirror/PortalTemplates/!repo/0xNOWHERE_BRUCE-FILES/Railway Companies - Deutsche Bahn.html,ap_tag_folded,Deutsche Bahn WiFi
sd_card_content/wifi_portals/!repo/0xNOWHERE_BRUCE-FILES/Railway Companies/Deutsche Bahn/GermanVersion/index.html,sd_card_mirror/PortalTemplates/!repo/0xNOWHERE_BRUCE-FILES/Railway Companies - Deutsche Bahn - GermanVersion.html,ap_tag_folded,Deutsche Bahn WiFi
sd_card_content/wifi_portals/!repo/0xNOWHERE_BRUCE-FILES/Railway Companies/Deutsche Bahn/GermanVersion/GermanVersionWithForgotCreds/index.html,sd_card_mirror/PortalTemplates/!repo/0xNOWHERE_BRUCE-FILES/Railway Companies - Deutsche Bahn - GermanVersion - GermanVersionWithForgotCreds.html,ap_tag_folded,Deutsche Bahn WiFi
sd_card_content/wifi_portals/!repo/0xNOWHERE_BRUCE-FILES/Railway Companies/Deutsche Bahn/WithForgotCredentials/index.html,sd_card_mirror/PortalTemplates/!repo/0xNOWHERE_BRUCE-FILES/Railway Companies - Deutsche Bahn - WithForgotCredentials.html,ap_tag_folded,Deutsche Bahn WiFi
sd_card_content/wifi_portals/!repo/0xNOWHERE_BRUCE-FILES/Railway Companies/National Rail (UK)/index.html,sd_card_mirror/PortalTemplates/!repo/0xNOWHERE_BRUCE-FILES/Railway Companies - National Rail (UK).html,ap_tag_folded,National Railway Hotspot
sd_card_content/wifi_portals/!repo/0xNOWHERE_BRUCE-FILES/Railway Companies/National Rail (UK)/WithForgotCredentials/index.html,sd_card_mirror/PortalTemplates/!repo/0xNOWHERE_BRUCE-FILES/Railway Companies - National Rail (UK) - WithForgotCredentials.html,ap_tag_folded,National Railway Hotspot
sd_card_content/wifi_portals/!repo/0xNOWHERE_BRUCE-FILES/Railway Companies/Nederlandse Spoorwegen (Dutch Rail)/index.html,sd_card_mirror/PortalTemplates/!repo/0xNOWHERE_BRUCE-FILES/Railway Companies - Nederlandse Spoorwegen (Dutch Rail).html,ap_tag_folded,NS Hotspot
sd_card_content/wifi_portals/!repo/0xNOWHERE_BRUCE-FILES/Railway Companies/Nederlandse Spoorwegen (Dutch Rail)/DutchVersion/index.html,sd_card_mirror/PortalTemplates/!repo/0xNOWHERE_BRUCE-FILES/Railway Companies - Nederlandse Spoorwegen (Dutch Rail) - DutchVersion.html,ap_tag_folded,NS Hotspot
sd_card_content/wifi_portals/!repo/0xNOWHERE_BRUCE-FILES/Railway Companies/Nederlandse Spoorwegen (Dutch Rail)/DutchVersion/WithForgotCredentials/index.html,sd_card_mirror/PortalTemplates/!repo/0xNOWHERE_BRUCE-FILES/Railway Companies - Nederlandse Spoorwegen (Dutch Rail) - DutchVersion - WithForgotCredentials.html,ap_tag_folded,NS Hotspot
sd_card_content/wifi_portals/!repo/0xNOWHERE_BRUCE-FILES/Railway Companies/Nederlandse Spoorwegen (Dutch Rail)/WithForgotCredentials/index.html,sd_card_mirror/PortalTemplates/!repo/0xNOWHERE_BRUCE-FILES/Railway Companies - Nederlandse Spoorwegen (Dutch Rail) - WithForgotCredentials.html,ap_tag_folded,NS Hotspot
sd_card_content/wifi_portals/!repo/0xNOWHERE_BRUCE-FILES/Railway Companies/SNCB-NMBS (Belgian Rail)/index.html,sd_card_mirror/PortalTemplates/!repo/0xNOWHERE_BRUCE-FILES/Railway Companies - SNCB-NMBS (Belgian Rail).html,ap_tag_folded,B-Rail Hotspot
sd_card_content/wifi_portals/!repo/0xNOWHERE_BRUCE-FILES/Railway Companies/SNCB-NMBS (Belgian Rail)/DutchVersion/index.html,sd_card_mirror/PortalTemplates/!repo/0xNOWHERE_BRUCE-FILES/Railway Companies - SNCB-NMBS (Belgian Rail) - DutchVersion.html,ap_tag_folded,NMBS Hotspot
sd_card_content/wifi_portals/!repo/0xNOWHERE_BRUCE-FILES/Railway Companies/SNCB-NMBS (Belgian Rail)/DutchVersion/DutchVersionWithForgotCreds/index.html,sd_card_mirror/PortalTemplates/!repo/0xNOWHERE_BRUCE-FILES/Railway Companies - SNCB-NMBS (Belgian Rail) - DutchVersion - DutchVersionWithForgotCreds.html,ap_tag_folded,NMBS Hotspot
sd_card_content/wifi_portals/!repo/0xNOWHERE_BRUCE-FILES/Railway Companies/SNCB-NMBS (Belgian Rail)/FrenchVersion/index.html,sd_card_mirror/PortalTemplates/!repo/0xNOWHERE_BRUCE-FILES/Railway Companies - SNCB-NMBS (Belgian Rail) - FrenchVersion.html,ap_tag_folded,WiFi SNCB
sd_card_content/wifi_portals/!repo/0xNOWHERE_BRUCE-FILES/Railway Companies/SNCB-NMBS (Belgian Rail)/FrenchVersion/FrenchVersionWithForgotCreds/index.html,sd_card_mirror/PortalTemplates/!repo/0xNOWHERE_BRUCE-FILES/Railway Companies - SNCB-NMBS (Belgian Rail) - FrenchVersion - FrenchVersionWithForgotCreds.html,ap_tag_folded,WiFi SNCB
sd_card_content/wifi_portals/!repo/0xNOWHERE_BRUCE-FILES/Railway Companies/SNCB-NMBS (Belgian Rail)/WithForgotCredentials/index.html,sd_card_mirror/PortalTemplates/!repo/0xNOWHERE_BRUCE-FILES/Railway Companies - SNCB-NMBS (Belgian Rail) - WithForgotCredentials.html,ap_tag_folded,B-Rail Hotspot
sd_card_content/wifi_portals/!repo/0xNOWHERE_BRUCE-FILES/Railway Companies/SNCF (French Rail)/index.html,sd_card_mirror/PortalTemplates/!repo/0xNOWHERE_BRUCE-FILES/Railway Companies - SNCF (French Rail).html,ap_tag_folded,SNCF WiFi
sd_card_content/wifi_portals/!repo/0xNOWHERE_BRUCE-FILES/Railway Companies/SNCF (French Rail)/FrenchVersion/index.html,sd_card_mirror/PortalTemplates/!repo/0xNOWHERE_BRUCE-FILES/Railway Companies - SNCF (French Rail) - FrenchVersion.html,ap_tag_folded,SNCF WiFi
sd_card_content/wifi_portals/!repo/0xNOWHERE_BRUCE-FILES/Railway Companies/SNCF (French Rail)/FrenchVersion/FrenchVersionWithForgotCreds/index.html,sd_card_mirror/PortalTemplates/!repo/0xNOWHERE_BRUCE-FILES/Railway Companies - SNCF (French Rail) - FrenchVersion - FrenchVersionWithForgotCreds.html,ap_tag_folded,SNCF WiFi
sd_card_content/wifi_portals/!repo/0xNOWHERE_BRUCE-FILES/Railway Companies/SNCF (French Rail)/WithForgotCredentials/index.html,sd_card_mirror/PortalTemplates/!repo/0xNOWHERE_BRUCE-FILES/Railway Companies - SNCF (French Rail) - WithForgotCredentials.html,ap_tag_folded,SNCF WiFi
sd_card_content/wifi_portals/!repo/0xNOWHERE_BRUCE-FILES/Railway Companies/Thalys/index.html,sd_card_mirror/PortalTemplates/!repo/0xNOWHERE_BRUCE-FILES/Railway Companies - Thalys.html,ap_tag_folded,Thalys Hotspot
sd_card_content/wifi_portals/!repo/0xNOWHERE_BRUCE-FILES/Railway Companies/Thalys/WithForgotCredentials/index.html,sd_card_mirror/PortalTemplates/!repo/0xNOWHERE_BRUCE-FILES/Railway Companies - Thalys - WithForgotCredentials.html,ap_tag_folded,Thalys Hotspot
sd_card_content/wifi_portals/!repo/0xNOWHERE_BRUCE-FILES/Railway Companies/renfe (Spanish Rail)/index.html,sd_card_mirror/PortalTemplates/!repo/0xNOWHERE_BRUCE-FILES/Railway Companies - renfe (Spanish Rail).html,ap_tag_folded,renfe WiFi
sd_card_content/wifi_portals/!repo/0xNOWHERE_BRUCE-FILES/Railway Companies/renfe (Spanish Rail)/SpanishVersion/index.html,sd_card_mirror/PortalTemplates/!repo/0xNOWHERE_BRUCE-FILES/Railway Companies - renfe (Spanish Rail) - SpanishVersion.html,ap_tag_folded,renfe Punto de acceso
sd_card_content/wifi_portals/!repo/0xNOWHERE_BRUCE-FILES/Railway Companies/renfe (Spanish Rail)/SpanishVersion/SpanishVersionWithForgotCreds/index.html,sd_card_mirror/PortalTemplates/!repo/0xNOWHERE_BRUCE-FILES/Railway Companies - renfe (Spanish Rail) - SpanishVersion - SpanishVersionWithForgotCreds.html,ap_tag_folded,renfe Punto de acceso
sd_card_content/wifi_portals/!repo/0xNOWHERE_BRUCE-FILES/Railway Companies/renfe (Spanish Rail)/WithForgotCredentials/index.html,sd_card_mirror/PortalTemplates/!repo/0xNOWHERE_BRUCE-FILES/Railway Companies - renfe (Spanish Rail) - WithForgotCredentials.html,ap_tag_folded,renfe WiFi
sd_card_content/wifi_portals/!repo/0xNOWHERE_BRUCE-FILES/Supermarkets/Delhaize/index.html,sd_card_mirror/PortalTemplates/!repo/0xNOWHERE_BRUCE-FILES/Supermarkets - Delhaize.html,ap_tag_folded,Delhaize WiFi
sd_card_content/wifi_portals/!repo/0xNOWHERE_BRUCE-FILES/Supermarkets/Delhaize/WithForgotCredentials/index.html,sd_card_mirror/PortalTemplates/!repo/0xNOWHERE_BRUCE-FILES/Supermarkets - Delhaize - WithForgotCredentials.html,ap_tag_folded,Delhaize WiFi
sd_card_content/wifi_portals/!repo/0xNOWHERE_BRUCE-FILES/Supermarkets/IKEA/index.html,sd_card_mirror/PortalTemplates/!repo/0xNOWHERE_BRUCE-FILES/Supermarkets - IKEA.html,ap_tag_folded,IKEA WiFi
sd_card_content/wifi_portals/!repo/0xNOWHERE_BRUCE-FILES/Supermarkets/IKEA/WithForgotCredentials/index.html,sd_card_mirror/PortalTemplates/!repo/0xNOWHERE_BRUCE-FILES/Supermarkets - IKEA - WithForgotCredentials.html,ap_tag_folded,IKEA WiFi
sd_card_content/wifi_portals/!repo/0xNOWHERE_BRUCE-FILES/Supermarkets/Tesco/index.html,sd_card_mirror/PortalTemplates/!repo/0xNOWHERE_BRUCE-FILES/Supermarkets - Tesco.html,ap_tag_folded,Tesco Hotspot
sd_card_content/wifi_portals/!repo/0xNOWHERE_BRUCE-FILES/Supermarkets/Tesco/WithForgotCredentials/index.html,sd_card_mirror/PortalTemplates/!repo/0xNOWHERE_BRUCE-FILES/Supermarkets - Tesco - WithForgotCredentials.html,ap_tag_folded,Tesco Hotspot
sd_card_content/wifi_portals/!repo/0xNOWHERE_BRUCE-FILES/Theme Parks/Disneyland Paris/index.html,sd_card_mirror/PortalTemplates/!repo/0xNOWHERE_BRUCE-FILES/Theme Parks - Disneyland Paris.html,ap_tag_folded,Disneyland Paris WiFi
sd_card_content/wifi_portals/!repo/0xNOWHERE_BRUCE-FILES/Theme Parks/Disneyland Paris/WithForgotCredentials/index.html,sd_card_mirror/PortalTemplates/!repo/0xNOWHERE_BRUCE-FILES/Theme Parks - Disneyland Paris - WithForgotCredentials.html,ap_tag_folded,Disneyland Paris WiFi
sd_card_content/wifi_portals/!repo/0xNOWHERE_BRUCE-FILES/Theme Parks/Efteling/index.html,sd_card_mirror/PortalTemplates/!repo/0xNOWHERE_BRUCE-FILES/Theme Parks - Efteling.html,ap_tag_folded,Efteling WiFi
sd_card_content/wifi_portals/!repo/0xNOWHERE_BRUCE-FILES/Theme Parks/Efteling/WithForgotCredentials/index.html,sd_card_mirror/PortalTemplates/!repo/0xNOWHERE_BRUCE-FILES/Theme Parks - Efteling - WithForgotCredentials.html,ap_tag_folded,Efteling WiFi
sd_card_content/wifi_portals/!repo/0xNOWHERE_BRUCE-FILES/Theme Parks/Walibi/index.html,sd_card_mirror/PortalTemplates/!repo/0xNOWHERE_BRUCE-FILES/Theme Parks - Walibi.html,ap_tag_folded,Walibi WiFi
sd_card_content/wifi_portals/!repo/0xNOWHERE_BRUCE-FILES/Theme Parks/Walibi/WithForgotCredentials/index.html,sd_card_mirror/PortalTemplates/!repo/0xNOWHERE_BRUCE-FILES/Theme Parks - Walibi - WithForgotCredentials.html,ap_tag_folded,Walibi WiFi
sd_card_content/wifi_portals/!repo/0xNOWHERE_BRUCE-FILES/WiFi Routers/Apple AirPort/index.html,sd_card_mirror/PortalTemplates/!repo/0xNOWHERE_BRUCE-FILES/WiFi Routers - Apple AirPort.html,ap_tag_folded,Apple AirPort Update
sd_card_content/wifi_portals/!repo/0xNOWHERE_BRUCE-FILES/WiFi Routers/D-Link/index.html,sd_card_mirror/PortalTemplates/!repo/0xNOWHERE_BRUCE-FILES/WiFi Routers - D-Link.html,ap_tag_folded,D-Link WiFi Update
sd_card_content/wifi_portals/!repo/0xNOWHERE_BRUCE-FILES/WiFi Routers/Linksys/index.html,sd_card_mirror/PortalTemplates/!repo/0xNOWHERE_BRUCE-FILES/WiFi Routers - Linksys.html,ap_tag_folded,Linksys WiFi Update
sd_card_content/wifi_portals/!repo/0xNOWHERE_BRUCE-FILES/WiFi Routers/NETGEAR/netgear.html,sd_card_mirror/PortalTemplates/!repo/0xNOWHERE_BRUCE-FILES/WiFi Routers - NETGEAR.html,ap_tag_folded,NETGEAR WiFi Update
sd_card_content/wifi_portals/!repo/0xNOWHERE_BRUCE-FILES/WiFi Routers/TP-Link/tplink.html,sd_card_mirror/PortalTemplates/!repo/0xNOWHERE_BRUCE-FILES/WiFi Routers - TP-Link.html,ap_tag_folded,TP-Link WiFi Update
sd_card_content/wifi_portals/!repo/0xNOWHERE_BRUCE-FILES/WiFi Routers/Tenda/index.html,sd_card_mirror/PortalTemplates/!repo/0xNOWHERE_BRUCE-FILES/WiFi Routers - Tenda.html,ap_tag_folded,Tenda WiFi Update
sd_card_content/wifi_portals/!repo/0xNOWHERE_BRUCE-FILES/WiFi Routers/Ubiquiti-Unify/index.html,sd_card_mirror/PortalTemplates/!repo/0xNOWHERE_BRUCE-FILES/WiFi Routers - Ubiquiti-Unify.html,ap_tag_folded,UI WiFi Update
sd_card_content/wifi_portals/!repo/0xNOWHERE_BRUCE-FILES/ofters/MOS.html,sd_card_mirror/PortalTemplates/!repo/0xNOWHERE_BRUCE-FILES/ofters - MOS.html,as_is_copy,
sd_card_content/wifi_portals/!repo/0xNOWHERE_BRUCE-FILES/ofters/MailRuVKID.html,sd_card_mirror/PortalTemplates/!repo/0xNOWHERE_BRUCE-FILES/ofters - MailRuVKID.html,as_is_copy,
sd_card_content/wifi_portals/!repo/0xNOWHERE_BRUCE-FILES/ofters/NewGoogle.html,sd_card_mirror/PortalTemplates/!repo/0xNOWHERE_BRUCE-FILES/ofters - NewGoogle.html,as_is_copy,
sd_card_content/wifi_portals/!repo/0xNOWHERE_BRUCE-FILES/ofters/RUgoogle.html,sd_card_mirror/PortalTemplates/!repo/0xNOWHERE_BRUCE-FILES/ofters - RUgoogle.html,as_is_copy,
sd_card_content/wifi_portals/!repo/0xNOWHERE_BRUCE-FILES/ofters/RuNewGoogle.html,sd_card_mirror/PortalTemplates/!repo/0xNOWHERE_BRUCE-FILES/ofters - RuNewGoogle.html,as_is_copy,
sd_card_content/wifi_portals/!repo/0xNOWHERE_BRUCE-FILES/ofters/SCH239.html,sd_card_mirror/PortalTemplates/!repo/0xNOWHERE_BRUCE-FILES/ofters - SCH239.html,as_is_copy,
sd_card_content/wifi_portals/!repo/0xNOWHERE_BRUCE-FILES/ofters/STON.html,sd_card_mirror/PortalTemplates/!repo/0xNOWHERE_BRUCE-FILES/ofters - STON.html,as_is_copy,
sd_card_content/wifi_portals/!repo/0xNOWHERE_BRUCE-FILES/ofters/WiFiError.html,sd_card_mirror/PortalTemplates/!repo/0xNOWHERE_BRUCE-FILES/ofters - WiFiError.html,as_is_copy,
sd_card_content/wifi_portals/!repo/0xNOWHERE_BRUCE-FILES/ofters/Yandex2024.html,sd_card_mirror/PortalTemplates/!repo/0xNOWHERE_BRUCE-FILES/ofters - Yandex2024.html,as_is_copy,
sd_card_content/wifi_portals/!repo/0xNOWHERE_BRUCE-FILES/ofters/audio_prank.html,sd_card_mirror/PortalTemplates/!repo/0xNOWHERE_BRUCE-FILES/ofters - audio_prank.html,as_is_copy,
sd_card_content/wifi_portals/!repo/0xNOWHERE_BRUCE-FILES/ofters/eljur&google.html,sd_card_mirror/PortalTemplates/!repo/0xNOWHERE_BRUCE-FILES/ofters - eljur&google.html,as_is_copy,
sd_card_content/wifi_portals/!repo/0xNOWHERE_BRUCE-FILES/ofters/eslschool.html,sd_card_mirror/PortalTemplates/!repo/0xNOWHERE_BRUCE-FILES/ofters - eslschool.html,as_is_copy,
sd_card_content/wifi_portals/!repo/0xNOWHERE_BRUCE-FILES/ofters/google.html,sd_card_mirror/PortalTemplates/!repo/0xNOWHERE_BRUCE-FILES/ofters - google.html,as_is_copy,
sd_card_content/wifi_portals/!repo/0xNOWHERE_BRUCE-FILES/ofters/googlestoni.html,sd_card_mirror/PortalTemplates/!repo/0xNOWHERE_BRUCE-FILES/ofters - googlestoni.html,as_is_copy,
sd_card_content/wifi_portals/!repo/0xNOWHERE_BRUCE-FILES/ofters/instagram.html,sd_card_mirror/PortalTemplates/!repo/0xNOWHERE_BRUCE-FILES/ofters - instagram.html,as_is_copy,
sd_card_content/badusb_extra_payloads/_vendor_0xNOWHERE/IPHONE/App spammer.txt,sd_card_mirror/badusb/!repo/works_both/_vendor_0xNOWHERE/IPHONE/App spammer.txt,as_is_copy_vendor_structure,
sd_card_content/badusb_extra_payloads/_vendor_0xNOWHERE/IPHONE/Camera open.txt,sd_card_mirror/badusb/!repo/works_both/_vendor_0xNOWHERE/IPHONE/Camera open.txt,as_is_copy_vendor_structure,
sd_card_content/badusb_extra_payloads/_vendor_0xNOWHERE/IPHONE/GUI spammer.txt,sd_card_mirror/badusb/!repo/works_both/_vendor_0xNOWHERE/IPHONE/GUI spammer.txt,as_is_copy_vendor_structure,
sd_card_content/badusb_extra_payloads/_vendor_0xNOWHERE/IPHONE/PH spammer.txt,sd_card_mirror/badusb/!repo/works_both/_vendor_0xNOWHERE/IPHONE/PH spammer.txt,as_is_copy_vendor_structure,
sd_card_content/badusb_extra_payloads/_vendor_0xNOWHERE/IPHONE/Website open.txt,sd_card_mirror/badusb/!repo/works_both/_vendor_0xNOWHERE/IPHONE/Website open.txt,as_is_copy_vendor_structure,
sd_card_content/badusb_extra_payloads/_vendor_0xNOWHERE/PC/HKLM delete.txt,sd_card_mirror/badusb/!repo/works_both/_vendor_0xNOWHERE/PC/HKLM delete.txt,as_is_copy_vendor_structure,
sd_card_content/badusb_extra_payloads/_vendor_0xNOWHERE/PC/Website open.txt,sd_card_mirror/badusb/!repo/works_both/_vendor_0xNOWHERE/PC/Website open.txt,as_is_copy_vendor_structure,
sd_card_content/badusb_extra_payloads/_vendor_0xNOWHERE/PC/bsod.txt,sd_card_mirror/badusb/!repo/works_both/_vendor_0xNOWHERE/PC/bsod.txt,as_is_copy_vendor_structure,
sd_card_content/badusb_extra_payloads/_vendor_0xNOWHERE/PC/shutdown.txt,sd_card_mirror/badusb/!repo/works_both/_vendor_0xNOWHERE/PC/shutdown.txt,as_is_copy_vendor_structure,
sd_card_content/badusb_extra_payloads/_vendor_0xNOWHERE/README.md,sd_card_mirror/badusb/!repo/works_both/_vendor_0xNOWHERE/README.md,as_is_copy_vendor_structure,
