timestamp,address,addr_type,rssi,name,status,service_uuid,service_name,char_uuid,char_name,properties,value_hex
367485,C4:1E:06:8F:96:B9,1,-66,"Galaxy Buds3 Pro (6B44) LE",discover_timeout,,,,,,
371551,1D:C5:9B:CA:B7:A0,1,-75,"",ok,1801,"Generic Attribute",2A05,"",0x20,
371605,1D:C5:9B:CA:B7:A0,1,-75,"",ok,1801,"Generic Attribute",2B3A,"",0x02,01
371658,1D:C5:9B:CA:B7:A0,1,-75,"",ok,1801,"Generic Attribute",2B29,"",0x0A,00
371719,1D:C5:9B:CA:B7:A0,1,-75,"",ok,1801,"Generic Attribute",2B2A,"",0x02,64943D58BF9326BEFE00279FD3B3F9BC
371776,1D:C5:9B:CA:B7:A0,1,-75,"",ok,1800,"Generic Access",2A00,"Device Name",0x02,53323620556C747261206465204C756361
371832,1D:C5:9B:CA:B7:A0,1,-75,"",ok,1800,"Generic Access",2A01,"Appearance",0x02,0000
371886,1D:C5:9B:CA:B7:A0,1,-75,"",ok,1800,"Generic Access",2AA6,"",0x02,01
371939,1D:C5:9B:CA:B7:A0,1,-75,"",ok,1849,"",2B93,"",0x12,
371941,1D:C5:9B:CA:B7:A0,1,-75,"",ok,1849,"",2B96,"",0x10,
371997,1D:C5:9B:CA:B7:A0,1,-75,"",ok,1849,"",2B97,"",0x12,
372049,1D:C5:9B:CA:B7:A0,1,-75,"",ok,1849,"",2B98,"",0x12,
372105,1D:C5:9B:CA:B7:A0,1,-75,"",ok,1849,"",2B99,"",0x1E,
372158,1D:C5:9B:CA:B7:A0,1,-75,"",ok,1849,"",2B9A,"",0x1E,
372216,1D:C5:9B:CA:B7:A0,1,-75,"",ok,1849,"",2B9B,"",0x12,
372270,1D:C5:9B:CA:B7:A0,1,-75,"",ok,1849,"",2BA1,"",0x1E,
372323,1D:C5:9B:CA:B7:A0,1,-75,"",ok,1849,"",2BA2,"",0x02,
372375,1D:C5:9B:CA:B7:A0,1,-75,"",ok,1849,"",2BA3,"",0x12,
372376,1D:C5:9B:CA:B7:A0,1,-75,"",ok,1849,"",2BA4,"",0x1C,
372429,1D:C5:9B:CA:B7:A0,1,-75,"",ok,1849,"",2BA5,"",0x12,
372483,1D:C5:9B:CA:B7:A0,1,-75,"",ok,1849,"",2BBA,"",0x02,
372568,1D:C5:9B:CA:B7:A0,1,-75,"",ok,184C,"",2BB3,"",0x12,
372620,1D:C5:9B:CA:B7:A0,1,-75,"",ok,184C,"",2BB4,"",0x02,
372672,1D:C5:9B:CA:B7:A0,1,-75,"",ok,184C,"",2BB5,"",0x12,
372726,1D:C5:9B:CA:B7:A0,1,-75,"",ok,184C,"",2BB6,"",0x12,
372778,1D:C5:9B:CA:B7:A0,1,-75,"",ok,184C,"",2BB9,"",0x12,
372831,1D:C5:9B:CA:B7:A0,1,-75,"",ok,184C,"",2BBA,"",0x02,
372885,1D:C5:9B:CA:B7:A0,1,-75,"",ok,184C,"",2BBB,"",0x12,
372937,1D:C5:9B:CA:B7:A0,1,-75,"",ok,184C,"",2BBD,"",0x12,
372957,1D:C5:9B:CA:B7:A0,1,-75,"",ok,184C,"",2BBE,"",0x1C,
373010,1D:C5:9B:CA:B7:A0,1,-75,"",ok,184C,"",2BBF,"",0x02,
373011,1D:C5:9B:CA:B7:A0,1,-75,"",ok,184C,"",2BC0,"",0x10,
373063,1D:C5:9B:CA:B7:A0,1,-75,"",ok,184C,"",2BC1,"",0x12,
373115,1D:C5:9B:CA:B7:A0,1,-75,"",ok,184C,"",2BC2,"",0x12,
373169,1D:C5:9B:CA:B7:A0,1,-75,"",ok,1855,"",2B51,"",0x02,1500
373223,1D:C5:9B:CA:B7:A0,1,-75,"",ok,E73E0001-EF1B-4E74-8291-2E4F3164F3B5,"",E73E0002-EF1B-4E74-8291-2E4F3164F3B5,"",0x02,24000000
373278,1D:C5:9B:CA:B7:A0,1,-75,"",ok,185B,"",2C14,"",0x02,
373282,1D:C5:9B:CA:B7:A0,1,-75,"",ok,185B,"",2C15,"",0x30,
373283,1D:C5:9B:CA:B7:A0,1,-75,"",ok,185B,"",2C16,"",0x30,
373284,1D:C5:9B:CA:B7:A0,1,-75,"",ok,185B,"",2C17,"",0x24,
373337,1D:C5:9B:CA:B7:A0,1,-75,"",ok,185B,"",2C18,"",0x32,
373389,1D:C5:9B:CA:B7:A0,1,-75,"",ok,185B,"",2C19,"",0x32,
373441,1D:C5:9B:CA:B7:A0,1,-75,"",ok,185B,"",?,"",0x0A,
373443,1D:C5:9B:CA:B7:A0,1,-75,"",ok,594A34FC-31DB-11EA-978F-2E728CE88125,"",594A36E6-31DB-11EA-978F-2E728CE88125,"",0x28,
373459,1D:C5:9B:CA:B7:A0,1,-75,"",ok,594A34FC-31DB-11EA-978F-2E728CE88125,"",594A3010-31DB-11EA-978F-2E728CE88125,"",0x0C,
373513,1D:C5:9B:CA:B7:A0,1,-75,"",ok,FD7E,"",0000AA2B-0000-1000-9000-00609F1BFD7E,"",0x1E,
373515,1D:C5:9B:CA:B7:A0,1,-75,"",ok,FCF1,"",FE2C1237-8366-4814-8EB0-01DE32100BEA,"",0x28,
373525,1D:C5:9B:CA:B7:A0,1,-75,"",ok,FEF3,"",00000100-0004-1000-8000-001A11000102,"",0x20,
373528,1D:C5:9B:CA:B7:A0,1,-75,"",ok,FEF3,"",00000100-0004-1000-8000-001A11000101,"",0x08,
377144,6E:59:7D:76:51:FE,1,-67,"",discover_timeout,,,,,,
377535,16:CD:86:CA:9A:C1,1,-68,"",connect_failed,,,,,,
27766,27:F4:2A:29:1C:C9,1,-61,"",discover_timeout,,,,,,
29818,70:D6:A9:CC:11:8D,1,-67,"",ok,1800,"Generic Access",2A00,"Device Name",0x02,6950686F6E65
29922,70:D6:A9:CC:11:8D,1,-67,"",ok,1800,"Generic Access",2A01,"Appearance",0x02,4000
29924,70:D6:A9:CC:11:8D,1,-67,"",ok,1801,"Generic Attribute",2A05,"Service Changed",0x20,
29979,70:D6:A9:CC:11:8D,1,-67,"",ok,180A,"Device Information",2A29,"Manufacturer Name String",0x02,4170706C6520496E632E
30038,70:D6:A9:CC:11:8D,1,-67,"",ok,180A,"Device Information",2A24,"Model Number String",0x02,6950686F6E6531382C34
30040,70:D6:A9:CC:11:8D,1,-67,"",ok,D0611E78-BBB4-4591-A5F8-487910AE4366,"Apple Continuity Service",8667556C-9A37-4C91-84ED-54EE27D90049,"Apple Continuity Char",0x98,
30043,70:D6:A9:CC:11:8D,1,-67,"",ok,9FA480E0-4967-4542-9390-D343DC5D04AE,"Apple Nearby Service",AF0BADB1-5B99-43CD-917A-A77BC549E3CC,"Apple Nearby Char",0x98,
34699,F2:B9:00:E4:15:91,1,-72,"",discover_timeout,,,,,,
37015,41:2C:84:27:6A:E4,1,-73,"",ok,1800,"Generic Access",2A00,"Device Name",0x02,6950686F6E65
37121,41:2C:84:27:6A:E4,1,-73,"",ok,1800,"Generic Access",2A01,"Appearance",0x02,4000
37122,41:2C:84:27:6A:E4,1,-73,"",ok,1801,"Generic Attribute",2A05,"Service Changed",0x20,
37227,41:2C:84:27:6A:E4,1,-73,"",ok,180A,"Device Information",2A29,"Manufacturer Name String",0x02,4170706C6520496E632E
37282,41:2C:84:27:6A:E4,1,-73,"",ok,180A,"Device Information",2A24,"Model Number String",0x02,6950686F6E6531372C33
37287,41:2C:84:27:6A:E4,1,-73,"",ok,D0611E78-BBB4-4591-A5F8-487910AE4366,"Apple Continuity Service",8667556C-9A37-4C91-84ED-54EE27D90049,"Apple Continuity Char",0x98,
37290,41:2C:84:27:6A:E4,1,-73,"",ok,9FA480E0-4967-4542-9390-D343DC5D04AE,"Apple Nearby Service",AF0BADB1-5B99-43CD-917A-A77BC549E3CC,"Apple Nearby Char",0x98,
40671,4D:48:9E:45:1D:69,1,-74,"",ok,1800,"Generic Access",2A00,"Device Name",0x02,6950686F6E65
40726,4D:48:9E:45:1D:69,1,-74,"",ok,1800,"Generic Access",2A01,"Appearance",0x02,4000
40728,4D:48:9E:45:1D:69,1,-74,"",ok,1801,"Generic Attribute",2A05,"Service Changed",0x20,
40800,4D:48:9E:45:1D:69,1,-74,"",ok,180A,"Device Information",2A29,"Manufacturer Name String",0x02,4170706C6520496E632E
40853,4D:48:9E:45:1D:69,1,-74,"",ok,180A,"Device Information",2A24,"Model Number String",0x02,6950686F6E6531372C33
40960,4D:48:9E:45:1D:69,1,-74,"",ok,180F,"Battery Service",2A19,"Battery Level",0x12,
41064,4D:48:9E:45:1D:69,1,-74,"",ok,1805,"Current Time Service",2A2B,"Current Time",0x12,
41117,4D:48:9E:45:1D:69,1,-74,"",ok,1805,"Current Time Service",2A0F,"Local Time Information",0x02,
41121,4D:48:9E:45:1D:69,1,-74,"",ok,D0611E78-BBB4-4591-A5F8-487910AE4366,"Apple Continuity Service",8667556C-9A37-4C91-84ED-54EE27D90049,"Apple Continuity Char",0x98,
41124,4D:48:9E:45:1D:69,1,-74,"",ok,9FA480E0-4967-4542-9390-D343DC5D04AE,"Apple Nearby Service",AF0BADB1-5B99-43CD-917A-A77BC549E3CC,"Apple Nearby Char",0x98,
41126,4D:48:9E:45:1D:69,1,-74,"",ok,7905F431-B5CE-4E99-A40F-4B1E122D00D0,"Apple Notification Center Service",69D1D8F3-45E1-49A8-9821-9BBDFDAAD9D9,"Apple Control Point",0x88,
41131,4D:48:9E:45:1D:69,1,-74,"",ok,7905F431-B5CE-4E99-A40F-4B1E122D00D0,"Apple Notification Center Service",9FBF120D-6301-42D9-8C58-25E699A21DBD,"Apple Notification Source",0x10,
41132,4D:48:9E:45:1D:69,1,-74,"",ok,7905F431-B5CE-4E99-A40F-4B1E122D00D0,"Apple Notification Center Service",22EAC6E9-24D6-4BB5-BE44-B36ACE7C7BFB,"Apple Data Source",0x10,
41134,4D:48:9E:45:1D:69,1,-74,"",ok,89D3502B-0F36-433A-8EF4-C502AD55F8DC,"Apple Media Service",9B3C81D8-57B1-4A8A-B8DF-0E56F7CA51C2,"Apple Remote Command",0x98,
41138,4D:48:9E:45:1D:69,1,-74,"",ok,89D3502B-0F36-433A-8EF4-C502AD55F8DC,"Apple Media Service",2F7CABCE-808D-411F-9A0C-BB92BA96C102,"Apple Entity Update",0x98,
41191,4D:48:9E:45:1D:69,1,-74,"",ok,89D3502B-0F36-433A-8EF4-C502AD55F8DC,"Apple Media Service",C6B2F38C-23AB-46D8-A6AB-A3A870BBD5D7,"Apple Entity Attribute",0x8A,
45699,50:3E:CF:38:BC:43,1,-60,"",connect_failed,,,,,,
50096,6A:8A:EE:AB:19:7F,1,-73,"",connect_failed,,,,,,
54695,C6:7B:4A:5C:7B:93,1,-64,"",connect_failed,,,,,,
59024,40:DD:81:46:4F:AA,1,-68,"",connect_failed,,,,,,
